word,frequency
,153
i,139
is,107
you,97
it,81
this,67
that,60
are,49
best,43
at,41
with,40
youre,39
my,39
but,39
sa,38
pie,37
cardagulan,35
witheian,35
no,34
can,34
so,33
its,33
just,33
all,32
not,32
like,32
be,31
me,30
s,30
if,29
ni,27
will,27
we,26
t,26
tak,25
your,25
im,25
dia,25
how,24
what,24
out,23
nak,23
do,23
yang,23
have,22
one,20
up,20
as,20
by,20
our,20
done,20
when,19
good,18
yg,18
aku,18
why,17
day,17
was,16
about,16
love,16
more,16
thanks,16
would,16
he,16
amp,15
1,15
dan,15
time,15
has,15
kita,15
ever,14
apa,14
there,14
them,14
see,14
5,14
now,14
got,13
she,13
also,13
dah,13
today,13
ada,13
go,13
lol,13
tu,13
di,13
la,13
only,12
please,12
back,12
am,12
dengan,12
their,12
need,12
too,12
or,12
u,12
better,12
yes,12
dari,11
3,11
people,11
who,11
pm,11
even,11
man,11
they,11
dont,11
allah,11
long,10
new,10
going,10
us,10
work,10
fifty,10
where,10
singapore,10
week,10
always,10
china,10
2,10
orang,10
off,9
tweet,9
most,9
eighty,9
over,9
same,9
while,9
such,9
here,9
because,9
buat,9
first,9
into,9
sama,9
ya,9
her,9
forty,9
think,8
been,8
than,8
right,8
still,8
his,8
aamiin,8
lah,8
looking,8
look,8
n,8
je,8
happy,8
ini,8
ke,8
take,8
were,8
though,8
na,7
had,7
video,7
down,7
ve,7
gov,7
wow,7
free,7
w,7
life,7
nice,7
jadi,7
tapi,7
aira,7
baru,7
year,7
lain,7
mau,7
ok,7
haha,7
0,7
gm,7
get,7
read,7
wife,7
keep,7
m,7
really,7
buy,7
photo,7
kalau,7
giveaway,6
latest,6
26,6
dapat,6
juga,6
far,6
against,6
beautiful,6
make,6
aja,6
music,6
bukan,6
hati,6
much,6
10,6
next,6
days,6
bop,6
very,6
oh,6
listen,6
live,6
part,6
ga,6
twitter,6
2022,6
birthday,6
know,6
hey,6
4,6
full,6
top,6
macam,6
play,6
many,6
lagi,6
point,6
7,6
biggest,5
moon,5
hi,5
check,5
forward,5
gak,5
sounds,5
world,5
excited,5
used,5
actually,5
crypto,5
use,5
other,5
date,5
don,5
power,5
thank,5
stop,5
end,5
few,5
give,5
rate,5
itu,5
atau,5
something,5
manis,5
sbb,5
kan,5
pun,5
hope,5
jam,5
mean,5
want,5
si,5
getting,5
leave,5
guys,5
untuk,5
news,5
send,5
taken,5
09,5
cant,5
follow,5
banyak,5
sendiri,5
ka,5
boleh,5
last,5
might,5
come,5
salah,5
place,5
ho,5
stress,5
kau,5
mak,5
anak,5
kenapa,5
share,5
sure,5
song,5
may,5
re,4
brother,4
cepat,4
years,4
nine,4
understand,4
saya,4
eight,4
party,4
seven,4
state,4
japan,4
issued,4
toilet,4
after,4
try,4
since,4
real,4
making,4
three,4
cover,4
shit,4
social,4
set,4
money,4
which,4
find,4
baik,4
johor,4
thats,4
close,4
then,4
oct,4
afternoon,4
selama,4
semoga,4
whole,4
punya,4
lebih,4
chill,4
maybe,4
feel,4
does,4
hanya,4
hahahaha,4
claim,4
50,4
add,4
let,4
malam,4
every,4
common,4
month,4
nya,4
ppl,4
hidup,4
join,4
baby,4
post,4
made,4
doesn,4
ikut,4
did,4
sumok3n,4
rasa,4
bad,4
ibu,4
towards,4
okay,4
some,4
leaders,4
pernah,4
own,4
gangguan,4
any,4
cute,4
hard,4
ramai,4
x,4
both,4
track,4
disco,4
pop,4
platforms,4
apple,4
30,4
app,4
indeed,4
before,4
air,4
should,4
thought,4
tonton,4
already,4
bisa,4
ai,4
chamber,4
ready,4
city,4
masalah,4
9,4
lo,4
100,4
hahaha,4
event,4
naman,3
kasi,3
kami,3
ng,3
question,3
potential,3
sgt,3
baca,3
thing,3
conditions,3
fucking,3
waiting,3
nothing,3
bro,3
playing,3
makin,3
besar,3
further,3
idea,3
whats,3
data,3
eth,3
smell,3
yeah,3
e,3
feeling,3
way,3
everything,3
six,3
imagine,3
five,3
congrats,3
two,3
mind,3
hello,3
red,3
bagus,3
person,3
four,3
mesti,3
masuk,3
yet,3
workers,3
high,3
enjoy,3
night,3
tweets,3
found,3
ive,3
ku,3
begini,3
support,3
bila,3
vs,3
hell,3
doing,3
scam,3
duit,3
ko,3
pero,3
hahahah,3
sekali,3
welcome,3
pls,3
kt,3
22,3
rest,3
tomorrow,3
northern,3
central,3
late,3
early,3
update,3
hayyat,3
kahwin,3
tunggu,3
belum,3
head,3
paling,3
buka,3
langsung,3
market,3
these,3
songs,3
kadang,3
kuasa,3
r,3
pakai,3
fave,3
en,3
aware,3
wish,3
dulu,3
once,3
rather,3
self,3
posted,3
run,3
away,3
o,3
forever,3
higher,3
c,3
remember,3
someone,3
cuba,3
kat,3
sini,3
jual,3
another,3
start,3
memang,3
ayuhhhh,3
tahu,3
lets,3
puteri,3
hai,3
karena,3
cerita,3
semua,3
fool,3
weekend,3
ll,3
trump,3
went,3
idk,3
else,3
hantar,3
jenis,3
inform,3
btw,3
siapa,3
ayuhhh,3
feels,3
quite,3
kid,3
sustainable,3
learning,3
bang,3
jangan,3
tengah,3
jalan,3
fam,3
less,3
k,3
meroyan,3
12,3
rumah,3
tried,3
fresh,3
goal,3
create,3
via,3
extra,3
17,3
future,3
nahi,3
miss,3
looks,3
business,3
mungkin,3
108,3
finally,3
stocks,3
disney,3
information,3
malaysia,3
keluarga,3
those,3
ah,3
again,3
quantum,3
achieved,3
penat,3
husband,3
deal,3
lunc,3
tuhan,3
pretty,3
abang,3
thirty,3
food,3
es,3
global,3
jpegs,3
currently,3
opportunity,3
benda,3
utk,3
watch,3
goes,3
through,3
fight,3
role,3
profit,3
address,3
wallet,3
dude,3
could,3
sebab,3
bersama,3
request,3
seem,3
dear,3
gonna,3
nanti,3
becomes,3
sumpah,3
engkaulah,3
bgt,3
congratulations,3
link,3
russia,3
bus,3
kawan,3
hari,3
manager,3
article,3
zafran,3
cari,3
khairil,3
ishari,3
mysewan,3
40,3
cargo,3
6,3
tickets,3
diri,3
ill,3
p,3
along,3
yass,3
average,3
fries,3
per,3
hour,3
prosperity,3
kepada,3
ninety,2
kay,2
lason,2
cake,2
commercial,2
known,2
lesson,2
level,2
paper,2
fikir,2
terpaling,2
hilarious,2
tea,2
shop,2
near,2
closing,2
talking,2
shut,2
8,2
mati,2
hotd,2
inspiring,2
kiss,2
blowout,2
reached,2
44,2
makes,2
comments,2
platform,2
tweeted,2
21,2
running,2
pow,2
least,2
sensitive,2
skin,2
side,2
act,2
itself,2
trying,2
countries,2
wrong,2
luna,2
family,2
members,2
united,2
rights,2
meow,2
value,2
truly,2
capable,2
open,2
nunez,2
didney,2
smear,2
cats,2
movies,2
sus,2
everyone,2
sg,2
sharing,2
media,2
happen,2
impression,2
costs,2
african,2
interest,2
interbank,2
later,2
suami,2
kasih,2
jugak,2
awak,2
wonder,2
pusat,2
transformation,2
centre,2
guild,2
mini,2
team,2
kena,2
psychotic,2
bitch,2
gof,2
hmm,2
updates,2
semangat,2
season,2
fingers,2
crossed,2
kind,2
put,2
ask,2
likely,2
spent,2
largest,2
amount,2
cloudy,2
thundery,2
showers,2
mainly,2
western,2
morning,2
49,2
trial,2
kek,2
gift,2
keeps,2
dec,2
fan,2
meeting,2
syaf,2
selalu,2
deh,2
said,2
until,2
yah,2
neh,2
beke,2
le,2
lot,2
sih,2
main,2
shake,2
exchange,2
report,2
dry,2
bulk,2
38th,2
shipping,2
september,2
highlights,2
sight,2
nervous,2
throw,2
freaking,2
genius,2
terbaik,2
bagian,2
begitu,2
rasanya,2
easy,2
nih,2
hp,2
minseok,2
feedback,2
heart,2
brand,2
drink,2
banget,2
kritikan,2
associated,2
opportunities,2
fr,2
change,2
cool,2
talk,2
tik,2
pas,2
official,2
sana,2
content,2
tv,2
burj,2
khalifa,2
damn,2
view,2
btc,2
tell,2
straight,2
kinda,2
laser,2
00844,2
low,2
temperature,2
39,2
86085,2
35deg,2
yourself,2
lucky,2
jgn,2
floor,2
cuteness,2
perform,2
boom,2
slck,2
ghost,2
biasa,2
learn,2
tiktok,2
men,2
toh,2
kes,2
harus,2
dipaksa,2
each,2
shes,2
sha,2
kak,2
max,2
theme,2
lord,2
hais,2
customer,2
supports,2
resolve,2
issue,2
seemed,2
asking,2
masa,2
jumpa,2
mcm,2
kot,2
jom,2
mandarin,2
percuma,2
haan,2
bas,2
clown,2
sign,2
beast,2
grown,2
forbidden,2
flowers,2
talented,2
write,2
trending,2
smart,2
young,2
lady,2
needed,2
shark,2
dadah,2
sampai,2
created,2
yu,2
lg,2
sibuk,2
kmrn,2
brain,2
saw,2
individual,2
tum,2
wait,2
mulu,2
jeff,2
saludo,2
h,2
dalam,2
datang,2
aluminium,2
milk,2
finish,2
well,2
wanna,2
around,2
pahit,2
ayah,2
ape,2
cakap,2
bought,2
steam,2
sustainability,2
obstacle,2
tuas,2
bahar,2
exit,2
alerts,2
sent,2
arts,2
online,2
se,2
yaka,2
ta,2
whose,2
conference,2
20,2
tahun,2
voted,2
racism,2
nna,2
game,2
14,2
invite,2
battery,2
sedih,2
preach,2
countdown,2
visa,2
inc,2
shares,2
monday,2
org,2
drama,2
streamer,2
band,2
private,2
americans,2
bootlegs,2
gila,2
min,2
tanya,2
kemana,2
aunty,2
tdp,2
came,2
boy,2
midnight,2
todays,2
forgetting,2
taking,2
naiuwi,2
les,2
transactions,2
fiat,2
d,2
des,2
nft,2
ceo,2
losses,2
fun,2
tired,2
met,2
yesss,2
takut,2
ngantuk,2
tidur,2
terus,2
wouldn,2
topics,2
adik,2
pemulihan,2
bulan,2
situ,2
tgk,2
bit,2
term,2
pinned,2
info,2
various,2
bigger,2
national,2
edition,2
puzzle,2
gathering,2
europe,2
policy,2
pressure,2
phone,2
didn,2
dinner,2
11,2
huge,2
ip,2
whenever,2
becoming,2
face,2
foreigners,2
laki,2
bini,2
balik,2
tonight,2
company,2
singing,2
fast,2
plans,2
drive,2
temen,2
absolutely,2
insta,2
hate,2
true,2
kerana,2
terkenal,2
nonsense,2
doesnt,2
industry,2
edge,2
chow,2
great,2
faham,2
sangat,2
adoiii,2
kmren,2
mental,2
thailand,2
chinese,2
rang,2
stupid,2
agree,2
kangen,2
home,2
minute,2
au,2
hear,2
boys,2
girl,2
sin,2
pte,2
ltd,2
boss,2
help,2
pump,2
imran,2
un,2
1005,2
fans,2
able,2
friends,2
quarter,2
primero,2
los,2
gatos,2
being,2
added,2
accessories,2
dok,2
super,2
sok,2
sek,2
sambil,2
beli,2
mata,2
janganlah,2
pelik,2
pen,2
sponsor,2
ourselves,2
conversations,2
die,2
sis,2
related,2
weyhh,2
yat,2
ego,2
ha,2
soon,2
benefit,2
ketika,2
perlu,2
demi,2
minda,2
helmet,2
usually,2
book,2
bunso,2
hehe,2
bilang,2
comment,2
korean,2
stolen,2
brown,2
kembali,2
pada,2
agama,2
aj,2
france,2
development,2
ketawa,2
namun,2
step,2
judge,2
favourite,2
fuck,2
house,2
tidak,2
qs,2
engkau,2
body,2
height,2
tools,2
bumble,2
kisi,2
ne,2
mara,2
terjadi,2
gk,2
winner,2
tiger,2
dm,2
mo,2
announces,2
overnight,2
sgd,2
deep,2
yaad,2
bicara,2
chinas,2
users,2
forget,2
sourcing,2
blue,2
conspiracy,2
pavithra,2
tbh,2
ayaw,1
din,1
nin,1
marcos,1
dati,1
kulto,1
dilaw,1
pumpkin,1
spice,1
latte,1
carrot,1
bcs,1
period,1
pain,1
shooting,1
happily,1
flirting,1
fear,1
loosing,1
folks,1
2021,1
h2,1
chem,1
increase,1
cell,1
begitulah,1
budak2,1
hasil,1
mee,1
megi,1
segera,1
merentan,1
satu,1
salahnya,1
tarik,1
nafas,1
logik,1
kedua2,1
belah,1
pihak,1
emo,1
terplg,1
newsss,1
bubble,1
school,1
economics,1
students,1
hot,1
msuk,1
museumm,1
theres,1
assignment,1
thinking,1
yeaay,1
meh,1
urutkan,1
reti,1
sikit2,1
listed,1
college,1
howwwww,1
ayo,1
episode,1
fkin,1
slaps,1
betull,1
ayoooo,1
shinzo,1
abe,1
funeral,1
figures,1
fly,1
political,1
storm,1
service,1
former,1
landslide,1
goodnight,1
handsome,1
historic,1
berluscone,1
wasnt,1
wing,1
italy,1
coalition,1
funny,1
uninformed,1
america,1
loads,1
analytics,1
messari,1
117,1
ethereum,1
pos,1
number,1
reduced,1
425,1
98,1
reduction,1
issuance,1
scrub,1
shower,1
chemical,1
harmful,1
soap,1
cleaning,1
due,1
stains,1
mould,1
magiclean,1
fumes,1
stronger,1
lonely,1
surprised,1
cop,1
behaves,1
globally,1
arrest,1
deems,1
ahahhaha,1
ba,1
bid,1
rumors,1
coup,1
xi,1
jinping,1
unconvincing,1
aren,1
powerful,1
ccp,1
unhappy,1
monopoly,1
nation,1
165k,1
human,1
ahahahaah,1
ty,1
things,1
impactful,1
insights,1
50bn,1
imagination,1
eigthy,1
bg,1
jealahhh,1
declare,1
decades,1
campaign,1
srsly,1
tho,1
evil,1
dark,1
ngu,1
junaida,1
rn,1
corner,1
kaitan,1
politic,1
babi,1
pray,1
neraka,1
jahanam,1
swedengate,1
levels,1
bourdain,1
clip,1
treatment,1
migrant,1
treat,1
multifaceted,1
artist,1
kpop,1
icon,1
bar,1
old,1
statistic,1
reply,1
accident,1
plural,1
given,1
resp,1
silent,1
crickets,1
under,1
fished,1
outrage,1
hold,1
crude,1
loli,1
wierdos,1
deposits,1
above,1
eur,1
administer,1
currency,1
meeeeeeeee,1
busettttt,1
bunga,1
apaan,1
recorded,1
hours,1
review,1
often,1
wondered,1
semi,1
finals,1
exciting,1
happening,1
click,1
pinta,1
dilahirkan,1
terima,1
isteri,1
layan,1
mntk,1
tlg,1
beginning,1
mcdodo,1
ieza,1
transformasi,1
bandar,1
urban,1
utc,1
bahru,1
lisa,1
participating,1
wars,1
apeiron,1
najib,1
masyuk,1
rlly,1
obsessive,1
crush,1
5000,1
lowkey,1
talagang,1
tumutubo,1
tong,1
akin,1
parang,1
meal,1
geez,1
sehari,1
mah,1
shuk,1
karmel,1
israel,1
parachute,1
god,1
325,1
ganjil,1
dongsss,1
kids,1
adopt,1
boring,1
despite,1
betenya,1
triple,1
smile,1
menyayat,1
nampak,1
hakak,1
nyanyi,1
belakang,1
nga,1
jolly,1
virgo,1
haters,1
everywhere,1
haiz,1
wheres,1
quarelling,1
hand,1
pocket,1
bitches,1
never,1
wether,1
chickened,1
sept,1
fx,1
intervention,1
estimates,1
ogladam,1
wtedy,1
stare,1
zdjecia,1
filmy,1
pacar,1
account,1
spotify,1
giving,1
seonho,1
kimsda,1
domestic,1
scheduled,1
nahh,1
hukum,1
positif,1
celah,1
dicari,1
putusan,1
ttp,1
terkait,1
hal,1
infact,1
cringe,1
cray,1
dvd,1
muhammad,1
ridhwan,1
meyakinkan,1
bot,1
telegram,1
kurang,1
ajar,1
pap,1
titit,1
anjir,1
trauma,1
ane,1
anonymous,1
baltic,1
released,1
activities,1
dated,1
23th,1
capesize,1
taylor,1
midnights,1
promotions,1
curveball,1
rerecordings,1
ps,1
arr,1
repeat,1
mode,1
manusia,1
bertindak,1
sebagai,1
perencana,1
atur,1
tata,1
berkehendak,1
luluh,1
lantah,1
musnah,1
pasrah,1
lalu,1
tersadar,1
son,1
ratio,1
omd,1
christmas,1
crack,1
basecamp,1
favoritnya,1
kawula,1
muda,1
sekece,1
mereka,1
olsera,1
gkuat,1
liat,1
letter,1
tugs,1
tuh,1
ginian,1
beer,1
movie,1
passes,1
bangga,1
fajar,1
rian,1
menerima,1
lapang,1
dada,1
tajam,1
pelatih,1
memilih,1
jadiin,1
alasan,1
bangkit,1
kuat,1
furry,1
tegen,1
gristelijke,1
scholen,1
dat,1
allemaal,1
wel,1
westerse,1
cultuur,1
concussions,1
mating,1
diabetes,1
sedentary,1
wealth,1
wondering,1
changes,1
wont,1
luck,1
gelo,1
wake,1
nostylist,1
destroylonely,1
mouse,1
half,1
child,1
apalagi,1
tok2,1
kntl,1
communicado,1
percaya,1
pssst,1
mishuuuu,1
sonke,1
hk,1
taiwan,1
prc,1
legitimate,1
roc,1
descended,1
kmt,1
isolated,1
opposition,1
civil,1
war,1
sovereignty,1
vloggers,1
allowed,1
govt,1
specially,1
administration,1
thier,1
channels,1
reporters,1
konting,1
talino,1
kakapinks,1
mas,1
karesperespeto,1
pa,1
mga,1
matatalinong,1
dilawan,1
kaysa,1
inyo,1
yesterday,1
prints,1
charts,1
kyuuuuttt,1
doc,1
clean,1
kok,1
lu,1
berpihak,1
gw,1
rish,1
themselves,1
superior,1
asians,1
fred,1
inovasi,1
kajian,1
tindakan,1
portion,1
bear,1
bull,1
friend,1
8k,1
sell,1
mining,1
machine,1
isva,1
gamers,1
zuko,1
yep,1
lost,1
gimme,1
auth,1
care,1
hydrate,1
ladies,1
disappointments,1
malaysians,1
practice,1
hero,1
worshipping,1
born,1
harap,1
sambal,1
bvd,1
cap,1
shirt,1
jacket,1
dankie,1
ndade,1
tl,1
watched,1
ago,1
moonbyul,1
inside,1
acting,1
chef,1
tako,1
menu,1
serious,1
takoyaki,1
pepper,1
sedappp,1
terlampau,1
pedas,1
recommended,1
gooo,1
pandoproject,1
egg,1
yolk,1
eyes,1
goblins,1
confidence,1
calm,1
humble,1
matter,1
seconds,1
smoga,1
mantap,1
jago,1
sapot,1
pasar,1
iskandar,1
xhosa,1
aapke,1
bharose,1
gadi,1
sir,1
hamare,1
phupu,1
ghar,1
aatey,1
bhi,1
khoob,1
maza,1
aata,1
yerrrr,1
seram,1
sekarang,1
kemaman,1
keluarkan,1
pekeliling,1
adoii,1
ngomong,1
ocny,1
emg,1
dibuat,1
bikin,1
kesel,1
ngeliat,1
reaksi,1
jg,1
masukan,1
berarti,1
ganti,1
ocnya,1
akhirnya,1
artisnya,1
prosesnya,1
r1200,1
aowa,1
yoo,1
milih,1
kalo,1
gaboleh,1
yaudh,1
pamit,1
witness,1
fighting,1
yohh,1
baller,1
eternal,1
daughter,1
tiring,1
cannot,1
throwing,1
trent,1
cos,1
bullied,1
germans,1
hes,1
weak,1
defensively,1
nahida,1
drip,1
10mins,1
yall,1
sides,1
vinyl,1
cd,1
normal,1
tracklist,1
bet,1
none,1
documents,1
mal,1
declassification,1
stamp,1
unless,1
kinkos,1
couple,1
lama,1
kenit,1
makan,1
dek,1
okeh,1
wayang,1
mariii,1
impossible,1
renting,1
dublin,1
essentials,1
alone,1
160,1
park,1
tycoon,1
neurodivergent,1
pusink,1
dh,1
pala,1
ang,1
pogi,1
talaga,1
mimyyyy,1
loliloso,1
anniversary,1
brought,1
fandom,1
godsend,1
robotic,1
norm,1
officer,1
presume,1
ahad,1
okayy,1
compare,1
setiap,1
perjalanan,1
betullah,1
minta,1
kesedaran,1
belajar,1
akaun,1
student,1
portal,1
kunkwan,1
heartbreaking,1
awful,1
bhai,1
sab,1
sly,1
karrahe,1
hain,1
qq,1
emm,1
moomoo,1
papa,1
beyblade,1
call,1
darling,1
babe,1
honey,1
realized,1
mile,1
extremely,1
teeth,1
spring,1
hundreds,1
poems,1
dedicated,1
beauty,1
bacot,1
emangnya,1
kalian,1
bandingkan,1
jokowi,1
admin,1
pulakkk,1
meletop,1
kebabom,1
room,1
fortunately,1
fascism,1
enough,1
identify,1
must,1
rock,1
addicted,1
teach,1
solution,1
unpack,1
truth,1
bioplastics,1
key,1
drivers,1
realize,1
circularity,1
concepts,1
series,1
drove,1
stall,1
miera,1
introduced,1
driving,1
yay,1
gokilll,1
eee,1
haiii,1
sort,1
light,1
exactly,1
gotten,1
120,1
kubi,1
lemon,1
describing,1
exist,1
ngewe,1
mungkinkah,1
deraan,1
halusinasi,1
xdpt,1
mengelak,1
program,1
habis,1
drawing,1
cuz,1
ryou,1
yumepro,1
st12,1
sptinya,1
kakanya,1
berkegiatan,1
dr,1
podhuma,1
cut,1
apples,1
bourgeoisie,1
forgot,1
sing,1
win,1
engraved,1
soul,1
moment,1
him,1
hiatus,1
emotions,1
bec,1
hebat,1
entertaining,1
outcome,1
excellent,1
juuni,1
ohy,1
kya,1
modi,1
ji,1
bahahahaha,1
ayuhlah,1
blushing,1
berjemaah,1
denial,1
25,1
resign,1
jerk,1
nawong,1
daw,1
sakit,1
ug,1
likod,1
bi,1
wine,1
mana,1
hardy,1
eh,1
saluer,1
saluut,1
hilsen,1
groeten,1
saliwt,1
varp,1
lsa,1
van,1
salutieren,1
sal,1
silav,1
saluto,1
salut,1
salutowa,1
salye,1
hormat,1
sz,1
nt,1
salute,1
ganggu,1
perut,1
taktau,1
gi,1
google,1
samakan,1
extrusion,1
exports,1
slump,1
attributing,1
sharp,1
fluctuating,1
flu,1
batuk,1
manjur,1
bosan,1
duduk,1
kelas,1
hmmm,1
bottle,1
transition,1
gg,1
dancing,1
tango,1
assist,1
ball,1
mxm,1
waste,1
continuum,1
cukup,1
ehhhhhh,1
ingatlah,1
tua,1
kudrat,1
mase,1
kecik,1
kehendak,1
keje,1
ade,1
guna,1
valid,1
dihargai,1
disayangi,1
umi,1
dibenci,1
kandung,1
hr,1
workplaces,1
46,1
culture,1
design,1
sectors,1
conversation,1
ensures,1
a4g,1
fellowship,1
panel,1
discussion,1
art,1
register,1
hensem,1
imt,1
fights,1
pata,1
kaun,1
kis,1
jhagada,1
karraha,1
voicing,1
crazy,1
eye,1
deers,1
stroke,1
mar,1
palace,1
v,1
thanjavur,1
foundation,1
dates,1
governorship,1
reign,1
evappa,1
1532,1
1580,1
initially,1
vijayanagara,1
governor,1
independent,1
ruler,1
mekdi,1
larping,1
macro,1
markets,1
fortnite,1
laid,1
jim,1
sykes,1
sector,1
md,1
pharmaceutical,1
sciences,1
chair,1
pre,1
focus,1
present,1
measure,1
effectiveness,1
progressive,1
talent,1
redefining,1
impact,1
shall,1
tekanan,1
jd,1
suri,1
jaga,1
interests,1
anyone,1
cultural,1
element,1
trumps,1
stuff,1
creation,1
division,1
attracts,1
ketagihan,1
tgu,1
mati2,1
bawa,1
keluar,1
hospital,1
cek,1
12tghari,1
smp,1
5ptg,1
mane,1
cekout,1
malam2,1
klu,1
apa2,1
tanggungjawab,1
iyh,1
multi,1
dri,1
boni,1
kgale,1
sep,1
eagle,1
eyed,1
ica,1
officers,1
pasir,1
panjang,1
scanning,1
station,1
foiled,1
attempt,1
smuggle,1
duty,1
unpaid,1
liquors,1
wines,1
254,1
cigars,1
inbound,1
container,1
hidden,1
boxes,1
labelled,1
housewares,1
toiletries,1
streaming,1
wa,1
bona,1
wena,1
y,1
maam,1
penuh,1
sister,1
niceeee,1
pc,1
show,1
timer,1
release,1
aussie,1
nz,1
10pm,1
omg,1
loveeeeeeeeeeeeee,1
loveeee,1
drawings,1
ahh,1
temptation,1
ahhh,1
nah,1
pedicure,1
foot,1
massage,1
yohhhh,1
kante,1
whipp,1
mount,1
kai,1
twinzz,1
walt,1
co,1
nio,1
tipsal,1
st,1
environment,1
law,1
lower,1
paypal,1
loves,1
rewards,1
kachinggg,1
sebenarnya,1
kebanyakan,1
prnh,1
nmpk,1
kadang2,1
luar,1
sedarah,1
menghargai,1
sayangkan,1
iktibar,1
sekadar,1
cinta,1
isu,1
bapa,1
suka,1
pandang,1
remeh,1
times,1
gary,1
club,1
giraffe,1
tower,1
memories,1
community,1
amateur,1
teh,1
botol,1
mudda,1
ass,1
horror,1
sudah,1
rilis,1
discography,1
minggu,1
sial,1
bloody,1
haechann,1
mdi,1
qkd,1
network,1
enable,1
symmetric,1
retrieval,1
database,1
security,1
user,1
privacy,1
thereby,1
paving,1
internet,1
sramota,1
ali,1
alost,1
ti,1
isti,1
glasaju,1
za,1
picousnog,1
sami,1
sebi,1
odredjuju,1
sudbinu,1
compares,1
ngadu,1
smiling,1
changi,1
international,1
airport,1
terminal,1
erm,1
pumping,1
felicitations,1
attiires,1
legged,1
tight,1
fashion,1
jst,1
messing,1
circle,1
satisfying,1
kopek,1
kulit,1
mengelupas,1
lepas,1
sunburn,1
hahahahhaa,1
sore,1
soal,1
paket,1
kiriman,1
dong,1
kontak,1
malasnyaaaaaa,1
kene,1
ye,1
fourty,1
poni,1
2019,1
vadhilei,1
2014,1
elections,1
sanagathi,1
enti,1
maku,1
eni,1
vachayi,1
vote,1
entha,1
bjp,1
pk,1
andaru,1
kalisisthe,1
bota,1
bote,1
gelcharu,1
unko,1
vishayam,1
epati,1
dhaka,1
sengar,1
gelavaledu,1
donate,1
homeless,1
shelter,1
doll,1
regional,1
declines,1
sti,1
banned,1
fatherland,1
lover,1
awwoooo,1
fab,1
noiceeee,1
28th,1
ig,1
story,1
legit,1
nobody,1
lunch,1
tale,1
coworker,1
covering,1
choices,1
xd,1
supporting,1
taga,1
balot,1
lang,1
po,1
pagkain,1
walang,1
homebuyers,1
occupy,1
rotting,1
unfinished,1
properties,1
mauvais,1
wording,1
prends,1
sur,1
alis,1
vrai,1
cest,1
que,1
accepte,1
qui,1
livrent,1
contre,1
inflation,1
deglobalisation,1
minds,1
forbes,1
spore,1
felicia,1
chin,1
jeffrey,1
xu,1
invites,1
wedding,1
hong,1
kong,1
grinding,1
endless,1
grind,1
countless,1
failed,1
projects,1
staying,1
especially,1
miko,1
lin,1
ngerasain,1
setelah,1
tadi,1
kebangun,1
biasanya,1
omaigod,1
kacok,1
mayilu,1
australian,1
virology,1
premium,1
sembunyikan,1
langgar,1
perjanjian,1
gaya,1
xnak,1
msk,1
holding,1
october,1
hasty,1
options,1
trading,1
signals,1
symbol,1
eurusd,1
direction,1
96556,1
timeframe,1
zentrader,1
strategy,1
short,1
trend,1
reversal,1
table,1
breaks,1
ultra,1
youtuber,1
tests,1
durability,1
hammer,1
holders,1
tag,1
everyday,1
cexs,1
suit,1
faster,1
everybody,1
issues,1
suffers,1
solving,1
problem,1
coin,1
scene,1
mentor,1
politics,1
managing,1
gehlot,1
either,1
shld,1
perish,1
kannn,1
euro,1
ultimate,1
lipstick,1
rocket,1
isikhaya,1
mkaya,1
haibo,1
siel,1
bag,1
hobo,1
basketball,1
lekk,1
lekkk,1
nambe,1
thann,1
pandrome,1
agri,1
emissions,1
occur,1
asia,1
ecosystem,1
offers,1
enabling,1
brief,1
feelin,1
disappointed,1
ukk,1
passionate,1
captions,1
tukar,1
kali,1
faen,1
makkkk,1
nope,1
flaky,1
istg,1
followed,1
ocsober,1
ngithanda,1
imali,1
ayisekho,1
elok,1
minum,1
sharpo,1
banyana,1
shorted,1
moved,1
sl,1
stopped,1
rich,1
bois,1
partners,1
rpc,1
relay,1
tracking,1
metadata,1
linkage,1
device,1
protected,1
vacant,1
biden,1
pres,1
lobbies,1
zimbos,1
anc,1
governing,1
increasingly,1
repressive,1
similar,1
fate,1
mingi,1
syndrome,1
hitting,1
compliant,1
affected,1
comfort,1
history,1
xenophobia,1
almost,1
perfect,1
mnorons,1
understanding,1
reality,1
lovely,1
notice,1
mention,1
knox,1
cus,1
trash,1
dengar,1
dua,1
terlepas,1
kekurangan,1
bukti,1
background,1
buah,1
somebody,1
delivery,1
annoyance,1
haii,1
klang,1
otw,1
ohooo,1
teaching,1
gateway,1
blood,1
premature,1
death,1
rip,1
mendapat,1
tempat,1
ditinggalkan,1
mendapatkan,1
penghiburan,1
planning,1
burn,1
oil,1
clear,1
workpile,1
depended,1
quickly,1
burned,1
burning,1
silakan,1
diskusi,1
seperti,1
infografik,1
prgm,1
personaliti,1
pimpinan,1
tkasih,1
asem,1
jawa,1
sedikit,1
gula,1
trick,1
pony,1
10x,1
optical,1
rarely,1
charging,1
samsung,1
caps,1
25w,1
advert,1
45w,1
iphone,1
pro,1
averaging,1
29w,1
peak,1
australias,1
smelter,1
decarbonization,1
agreed,1
popup,1
coupons,1
apresiasi,1
merantau,1
bertahun,1
jauh,1
fools,1
say,1
sanctions,1
lifted,1
selling,1
europeans,1
loose,1
credibility,1
goodluck,1
saizeriya,1
18chefs,1
decent,1
till,1
hit,1
dies,1
intestate,1
leaving,1
descendants,1
paternal,1
maternal,1
kindred,1
estate,1
widow,1
9az,1
om,1
hadiah,1
ultah,1
pamerin,1
sihh,1
erk,1
lak,1
roger,1
manatau,1
rindu,1
melaka,1
bots,1
following,1
convince,1
wrestling,1
feelings,1
fifa23,1
tahniah,1
jdt,1
menjalinkan,1
kerjasama,1
jenama,1
dunia,1
iaitu,1
risau,1
sijiwa,1
kacau,1
luaskan,1
kuasamu,1
3rd,1
dream,1
figure,1
murmured,1
mantera,1
left,1
ear,1
strengthless,1
retaliate,1
nauzubillah,1
bullshit,1
comel,1
roti,1
greatest,1
joke,1
threaten,1
threatens,1
offer,1
competitive,1
anymore,1
tips,1
improve,1
code,1
oi,1
inga,1
doubt,1
da,1
chayote,1
memes,1
sadtember,1
lie,1
toxic,1
pa1d,1
plaayer,1
masalahnya,1
benci,1
owalah,1
ditlogosari,1
ojol,1
nyerang,1
gara2,1
tanahashi,1
fujita,1
ghc,1
heavyweight,1
title,1
government,1
unveils,1
investment,1
zones,1
summary,1
reaction,1
prepared,1
hadap,1
emosi,1
handle,1
twice,1
kira,1
tegur,1
sayang,1
name,1
telang,1
flower,1
familiar,1
didnt,1
dish,1
several,1
cities,1
fantastic,1
predominantly,1
little,1
difficult,1
mentari,1
membakar,1
cintaku,1
mengulit,1
mimpiku,1
kejora,1
mengajak,1
pulang,1
peraduanmu,1
echo,1
bapak,1
hanna,1
zarin,1
semuanya,1
officially,1
longest,1
berat,1
hahahahahahha,1
bts,1
f4,1
tknak,1
acc,1
genuinely,1
enjoying,1
jujutsu,1
kaisen,1
binge,1
monthly,1
instead,1
weekly,1
probably,1
nder,1
bakal,1
kehabisan,1
reminding,1
ignoring,1
personal,1
existance,1
hating,1
hahah,1
thru,1
mouth,1
reignited,1
westeros,1
scandals,1
zuma,1
sayin,1
girls,1
nvm,1
mui,1
heng,1
bottles,1
scent,1
spray,1
whilst,1
admiring,1
leather,1
bound,1
books,1
szymon,1
wojciechowski,1
z,1
wyg,1
osi,1
swoj,1
prezentacj,1
zatytu,1
owan,1
jak,1
budowa,1
nadal,1
ekologicznym,1
targach,1
poland,1
listopada,1
roku,1
warszawie,1
aby,1
uzyska,1
wi,1
cej,1
informacji,1
temat,1
konferencji,1
odwied,1
bio,1
kim,1
jong,1
civilized,1
country,1
condone,1
employ,1
nukes,1
harden,1
ukrainians,1
completely,1
ukrainian,1
soil,1
mistake,1
tactically,1
strategically,1
xiao,1
zhans,1
weekday,1
attend,1
purchase,1
fanpacks,1
surabaya,1
kapan,1
transurabaya,1
restu,1
gambar,1
pnda,1
warna,1
ijo,1
sebaek,1
hang,1
mai,1
idak,1
sasau,1
watching,1
coverage,1
broke,1
benefits,1
obviously,1
autophagy,1
aspect,1
loving,1
007,1
pose,1
yo,1
prefiero,1
perros,1
fin,1
gracias,1
aparece,1
gatito,1
abandonado,1
el,1
garaje,1
quitarse,1
hdps,1
ese,1
gato,1
quedo,1
nadie,1
toque,1
vrije,1
meningsuiting,1
ully,1
harmless,1
angry,1
umno,1
kemaruk,1
pru,1
charged,1
faulty,1
printer,1
nd,1
handicapped,1
printing,1
needs,1
20days,1
compensate,1
loss,1
happened,1
wht,1
consumer,1
court,1
tok,1
seller,1
duper,1
upaya,1
barang,1
lemah,1
berhingus,1
tengok,1
stokin2,1
screen,1
basah2,1
menitis2,1
ayer,1
kenot,1
144,1
moralnya,1
semata,1
cabar,1
bijak,1
kredit,1
needle,1
rare,1
rears,1
ugly,1
incapacitated,1
bismillah,1
ngejamet,1
hiring,1
attorney,1
defi,1
products,1
stepping,1
area,1
remix,1
personalise,1
dex,1
multitask,1
scammy,1
absolute,1
scum,1
operation,1
stadia,1
xbox,1
file,1
files,1
drawer,1
library,1
poor,1
widgets,1
sad,1
dimurahkan,1
rezeki,1
lancar,1
urusan,1
distract,1
plushies,1
cat,1
impressed,1
depends,1
force,1
woww,1
bahaya,1
remarks,1
concluding,1
medtech,1
forum,1
harjit,1
gill,1
reflects,1
preceding,1
led,1
speakers,1
thoughts,1
patient,1
futures,1
2025,1
agenda,1
england,1
l,1
glimpse,1
celebrations,1
peace,1
begins,1
speaks,1
core,1
mission,1
relevant,1
celebrated,1
special,1
ahhhhhhh,1
cheesy,1
meltz,1
barely,1
comeback,1
gone,1
deeply,1
appreciated,1
dip,1
bets,1
steal,1
list,1
compliance,1
director,1
fail,1
sees,1
consecutive,1
bgb,1
managed,1
giler,1
memahami,1
keadaan,1
kalah,1
klcc,1
batu,1
kejar,1
egooo,1
adoiiii,1
ayooo,1
banggggg,1
penasarnnnnn,1
tau,1
malu,1
sambolado,1
bay,1
hadnt,1
wanted,1
salted,1
fish,1
keychain,1
sealed,1
gameta,1
swag,1
games,1
wednesday,1
speakeasy,1
fox,1
siblings,1
hideous,1
dick,1
seen,1
alrdy,1
sociopath,1
yahlah,1
having,1
space,1
gam,1
hisap,1
mat,1
bak,1
tang,1
sikit,1
character,1
singaporean,1
confirm,1
weather,1
forecast,1
useless,1
tom,1
fitton,1
certified,1
asian,1
succeed,1
sharpen,1
critical,1
skills,1
shared,1
manish,1
sinha,1
bd,1
sns,1
bersedih,1
gembira,1
cook,1
akal,1
fikiran,1
adalah,1
gabungan,1
capai,1
kesejahteraan,1
presiden,1
rasis,1
learned,1
ordinary,1
worker,1
strong,1
construction,1
site,1
slot,1
sound,1
interview,1
heheeheheheheheheheheheheehehehhehehehehhehehehehehehehehehehehehehehehehehehehhehee,1
allow,1
public,1
heres,1
bombing,1
conducts,1
military,1
exercises,1
toblerone,1
pinamigay,1
idup,1
ngejalanin,1
konsekuensinya,1
nanggung,1
ngapa,1
nyari2,1
pembenaran,1
sosmed,1
banyakin,1
sarapan,1
harapan,1
quiet,1
mine,1
andaikan,1
deket,1
kayak,1
badly,1
minutes,1
starting,1
den,1
cb,1
fkn,1
flesh,1
wooot,1
shout,1
suara,1
junghwan,1
cocok,1
tlpnan,1
guaa,1
kenangan,1
pamungkas,1
pink,1
white,1
frank,1
ocean,1
5sos,1
fairy,1
dvwn,1
sweet,1
cas,1
lepak,1
spa,1
harini,1
ciknje,1
niaga,1
safety,1
text,1
nergis,1
trip,1
fiesta,1
lmao,1
breaking,1
parts,1
satisying,1
curious,1
ngopi,1
blessed,1
pounder,1
bawang,1
cheese,1
bee,1
tai,1
nnete,1
hailey,1
beiber,1
menace,1
eyeing,1
invented,1
glazed,1
donut,1
literally,1
glass,1
repackaged,1
patented,1
lipliner,1
pale,1
lipgloss,1
combo,1
group,1
dianya,1
pulak,1
ayuh,1
bergabung,1
hahahahahaahah,1
uc,1
cal,1
tech,1
ain,1
islam,1
al,1
quran,1
fahami,1
suruh,1
colleagues,1
corners,1
globe,1
symposium,1
discuss,1
tapping,1
leveraging,1
management,1
technology,1
jola,1
nyala,1
cause,1
etla,1
mathatha,1
ohoo,1
lying,1
expect,1
pushback,1
anchan,1
graceful,1
ouch,1
wallets,1
vanity,1
tool,1
stay,1
safe,1
watsons,1
ayang,1
sci,1
fi,1
visual,1
narrative,1
influenced,1
80,1
90s,1
aesthetics,1
wtf,1
untung,1
gua,1
waktu,1
tepat,1
klo,1
ketinggalan,1
guaaa,1
kasikan,1
panadol,1
esok,1
recover,1
sells,1
fake,1
upset,1
accuracy,1
camp,1
de,1
fresco,1
berebut,1
fact,1
representation,1
indian,1
type,1
car,1
washing,1
kekeke,1
member,1
deliver,1
return,1
iran,1
says,1
450,1
protesters,1
arrested,1
province,1
bodohkan,1
gadget,1
gives,1
eur3bn,1
assistance,1
nations,1
dishonest,1
wangiiiii,1
kaka,1
tularin,1
akuuu,1
seketika,1
canduuu,1
banggg,1
selamat,1
bangggg,1
colour,1
teammate,1
reluctant,1
takpelah,1
sanggup,1
mbp,1
package,1
box,1
strange,1
macos,1
pegang,1
ayat,1
decision,1
binaries,1
medusa,1
amazing,1
awww,1
sport,1
caitlin,1
broadcast,1
topic,1
zzz,1
feelz,1
betul,1
dakkk,1
sex,1
2nd,1
class,1
citizen,1
kaum,1
jela,1
joined,1
supply,1
nicely,1
150,1
lesggoooo,1
wan,1
chan,1
expand,1
squeaky,1
noise,1
supernatural,1
hesitation,1
action,1
mad,1
frustrated,1
isnt,1
progress,1
outside,1
jemima,1
mother,1
congrate,1
zah,1
kauuu,1
hy,1
cecan,1
block,1
saying,1
facts,1
siyavuma,1
khosi,1
siyakuvuma,1
lied,1
alright,1
suatu,1
musibah,1
menimpa,1
seseorang,1
kecuali,1
atas,1
izin,1
64,1
mengadakan,1
samping,1
menjadi,1
tercela,1
terhina,1
watak,1
perangai,1
sebenar,1
tcctwhuetw2nentvcfxxyuyx5atdspqast,1
bhg,1
arghhhhhh,1
senti,1
hua,1
size,1
mix,1
difference,1
sentihua,1
flufff,1
shouldn,1
break,1
police,1
screaming,1
shoot,1
rabid,1
frenzy,1
hadn,1
called,1
wound,1
capital,1
sensor,1
physically,1
larger,1
takes,1
quality,1
48,1
44x,1
4x,1
1x,1
baseline,1
gentong,1
coming,1
nethu,1
molaicha,1
chedigal,1
ellam,1
arasa,1
maram,1
pola,1
vaazha,1
thudikithu,1
dumbbells,1
safar,1
mard,1
kbhi,1
kia,1
aurat,1
kabhi,1
wale,1
qatil,1
zalim,1
tou,1
mardzaat,1
seeloknya,1
beri,1
pendapat,1
terbuku,1
berkaitan,1
kenal,1
fitnah,1
terdetik,1
selari,1
situasi,1
yoh,1
kha,1
rengisela,1
vhathu,1
bent,1
christian,1
disguise,1
secret,1
message,1
spirit,1
hahahahaha,1
disgusting,1
yuk,1
bugis,1
changer,1
serbians,1
recognition,1
annex,1
serbia,1
clearly,1
intended,1
rile,1
bite,1
gp,1
friendly,1
importantly,1
terms,1
crowd,1
response,1
ish,1
casual,1
attitude,1
conscious,1
board,1
successful,1
festival,1
fever,1
awhile,1
jackson,1
tolerate,1
thinks,1
race,1
starbucks,1
cars,1
nyoom,1
performing,1
trust,1
coach,1
yumz,1
peeps,1
knew,1
gotta,1
hord,1
uright,1
inbox,1
cuma,1
kasihan,1
sinyo,1
kl,1
kejadian,1
tunggal,1
terserah,1
lihat,1
ajaa,1
akan,1
membawa,1
mpin,1
grrrrrr,1
gmgm,1
lfggggg,1
damm,1
kochi,1
gotham,1
huh,1
murders,1
span,1
kpj,1
hsajb,1
apply,1
cuti,1
menantea,1
ilangin,1
sepat,1
dimulut,1
karna,1
abis,1
wleowleo,1
bank,1
measures,1
combat,1
financial,1
scams,1
berjam,1
caring,1
arghhh,1
fire,1
shopping,1
mall,1
south,1
leaves,1
dead,1
awesome,1
climate,1
blockchain,1
summit,1
provoking,1
bump,1
sora,1
volume,1
weighted,1
borrowing,1
unsecured,1
cash,1
between,1
8am,1
15pm,1
python,1
toaster,1
color,1
hair,1
big,1
judulnya,1
mencerahkan,1
momentum,1
optimizer,1
synthetic,1
source,1
guide,1
building,1
buying,1
syulit,1
rt,1
aws,1
racer,1
hosting,1
racing,1
seaweed,1
shaker,1
twister,1
heard,1
connect,1
metamask,1
id,1
mint,1
kerendahan,1
disukai,1
sulit,1
rendah,1
paul,1
valery,1
unethical,1
perhaps,1
criminal,1
actions,1
behind,1
scenes,1
logical,1
lead,1
tumhay,1
rates,1
75,1
unknown,1
match,1
numbers,1
prediction,1
parcels,1
different,1
participants,1
correspondence,1
local,1
gradient,1
parcellations,1
correspondences,1
across,1
subjects,1
f1,1
mummy,1
peduli,1
ajak,1
tetaplah,1
astaka,1
maya,1
praying,1
cole,1
swider,1
austin,1
reaves,1
turn,1
mayo,1
splash,1
brothers,1
diy,1
pastu,1
custom,1
catch,1
front,1
bruh,1
famous,1
stream,1
bayc,1
ur,1
pfp,1
screenshotting,1
collector,1
putting,1
screenshotted,1
communist,1
uniting,1
wisdom,1
achieve,1
rejuvenation,1
surely,1
states,1
holy,1
lottery,1
eat,1
sagutin,1
b,1
participate,1
airdrop,1
designated,1
token,1
greater,1
details,1
shhh,1
wag,1
maingay,1
hahahaa,1
udh,1
mel,1
fokus,1
dgn,1
yukk,1
eradication,1
poverty,1
continue,1
upgrade,1
industries,1
legislators,1
changing,1
sehat,1
berawal,1
genggg,1
youve,1
reopening,1
discord,1
applications,1
1st,1
strategies,1
unique,1
venture,1
capitalist,1
important,1
define,1
wide,1
cast,1
net,1
misses,1
engage,1
founders,1
backing,1
bold,1
luahkan,1
adiknya,1
meluahkan,1
pengalaman,1
berlaku,1
anggota,1
dubai,1
plan,1
final,1
round,1
abga,1
klaytn,1
hackathon,1
lunes,1
job,1
wala,1
ako,1
naibalot,1
akong,1
prutas,1
hehehe,1
successfully,1
scared,1
living,1
argue,1
single,1
spot,1
counter,1
hahas,1
card,1
gave,1
balls,1
without,1
yellows,1
wordle,1
464,1
60,1
ketua,1
sabotage,1
eco,1
