,Unnamed: 0,date,rawContent,cleaned_content,english_relative_frequency
8,8,2022-09-26 13:21:00+00:00,Yasss,yasss,0.0
15,15,2022-09-26 13:20:53+00:00,HBD https://t.co/Jw8o7AE4Mw,hbd,0.0
20,20,2022-09-26 13:20:44+00:00,pls stfu oml ğŸ˜‚ğŸ˜‚ğŸ˜‚ğŸ˜‚ğŸ˜‚ğŸ˜‚ğŸ˜‚,pls stfu oml,0.0
23,23,2022-09-26 13:20:43+00:00,å¤•é£¯ã‚’èŒ¹ã§åµã¨ãƒ—ãƒ­ãƒ†ã‚¤ãƒ³ã§ã„ã‘ã‚‹ã‹ã¨æ€ã£ãŸã‘ã©ã€3æ™‚é–“ã§ãŠè…¹ç©ºã„ã¦ãã¡ã‚ƒã£ãŸğŸ¥²ã¯ã¦ã©ã†ã—ã‚ˆã†ã€œ,3,0.0
29,29,2022-09-26 13:20:36+00:00,@nas_zaidi Hahaha,hahaha,0.0
37,37,2022-09-26 13:20:30+00:00,@Rekha51627292 @anbarasu_Boss @Kavin_m_0431 @KavinFansClub Unmai Dhaaney.   EeeeğŸ˜ğŸƒğŸ» https://t.co/LRiejzWD3a,unmai dhaaney eeee,0.0
50,50,2022-09-26 13:20:21+00:00,å…ˆé€±ä¹…ã—ã¶ã‚Šã«ãƒ¨ãƒ¼ãƒ­ãƒƒãƒ‘ã«è¡Œã£ã¦ã€å‘¨ã‚Šã®å‹äººãŸã¡ã‹ã‚‰ã®è¨€å‹•ã‹ã‚‰ESGã«ã¤ã„ã¦çœŸé¢ç›®ã«è€ƒãˆã¦ã¦ã€å¤‰åŒ–ã‚’æ„Ÿã˜ãŸã€‚æ­£ç›´çµŒæ¸ˆæˆé•·ã—ã¦ã„ã‚‹æœ€ä¸­ã®å›½ã§ã¯å„ªå…ˆé †ä½ã¯ä½ã„ã¨æ€ã†,esg,0.0
58,58,2022-09-26 13:20:12+00:00,@ineorino @FWBESS Beban &amp; tuntutan,beban amp tuntutan,0.0
66,66,2022-09-26 13:20:01+00:00,æ–°åŠ å¡æ­¦è£…éƒ¨é˜Ÿä»Šå¹´åŒæ¾³å¤§åˆ©äºšå›½é˜²éƒ¨é˜Ÿäººå‘˜ä¸¾è¡Œä¸‰å‰æˆŸæ¼”ä¹ ï¼Œä¸¤å›½ä¸€å…±æ´¾å‡ºè¶…è¿‡1600åéƒ¨é˜Ÿäººå‘˜å‚ä¸ï¼Œæ–°åŠ å¡æµ·å†›ä¹Ÿé¦–æ¬¡å‡ºåŠ¨ä¸¤è‰˜æµ·å†›ç™»é™†èˆ°ã€‚ https://t.co/bAaPuQrjJX,1600,0.0
68,68,2022-09-26 13:20:00+00:00,@sekaijii :DD,dd,0.0
81,81,2022-09-26 13:19:51+00:00,"Hahaha ğŸ˜‚ğŸ˜‚ğŸ˜‚ 
#à¸ˆà¸²à¸™à¸™à¸µà¹‰à¸—à¸µà¹ˆà¹€à¸¥à¸´à¸ŸxBOUN",hahaha xboun,0.0
93,93,2022-09-26 13:19:43+00:00,"å¯çˆ±PPN 

#ZeePruk

https://t.co/Y4sOkyaQtA",ppn,0.0
101,101,2022-09-26 13:19:34+00:00,@MachineGun____ æƒ³rua,rua,0.0
102,102,2022-09-26 13:19:34+00:00,@Tanaka__95 Thx,thx,0.0
104,104,2022-09-26 13:19:31+00:00,@ghost93_x Gm!,gm,0.0
106,106,2022-09-26 13:19:30+00:00,grabeha hangover uy,grabeha hangover uy,0.0
116,116,2022-09-26 13:19:22+00:00,@cerbvitor JKKKKK,jkkkkk,0.0
136,136,2022-09-26 13:18:58+00:00,"èª°ã‹è©³ã—ã„æ–¹æ•™ãˆã¦

ä¸€èˆ¬çš„ã«è€ƒãˆãŸã‚‰å…¥å‡ºé‡‘1.2%ã‹ã‘ãŸã‚‰å„å–å¼•å€¤æ®µã¯ãƒãƒ©ãƒãƒ©ã®ã¯ãšã§ã™ãŒ

ä»Šã¾ã§å„å–å¼•ã®å€¤æ®µã¯è‰¯ããƒãƒ©ãƒ³ã‚¹ãŒä¿ã£ã¦ã‚‹ã€æ€ã£ãŸã‚ˆã‚Šã‚‚å·®ãŒãªã„

ã©ã†ã‚„ã£ã¦ã§ãã¦ã‚‹ã§ã—ã‚‡ã†ã‹

#LUNC",1 2,0.0
139,139,2022-09-26 13:18:55+00:00,LBM Vlog,lbm vlog,0.0
148,148,2022-09-26 13:18:49+00:00,@NFTameer gm â˜€ï¸,gm,0.0
151,151,2022-09-26 13:18:43+00:00,Berharap suatu saat nanti â€¦,berharap suatu saat nanti,0.0
162,162,2022-09-26 13:18:35+00:00,@mr_edward_x GMâ€™ğŸ¤ğŸ–¤,gm,0.0
174,174,2022-09-26 13:18:23+00:00,hapix2,hapix2,0.0
194,194,2022-09-26 13:18:03+00:00,Mecima banyak bacot,mecima banyak bacot,0.0
209,209,2022-09-26 13:17:51+00:00,@RoveWorld_x @dankbananas_ @y00tsNFT Congrats amigo ğŸ”¥ğŸ’ª,congrats amigo,0.0
219,219,2022-09-26 13:17:45+00:00,@LayahHeilpern Savageee,savageee,0.0
221,221,2022-09-26 13:17:44+00:00,@iffhkmlia Kaya pe sia gaji 4k,kaya pe sia gaji 4k,0.0
222,222,2022-09-26 13:17:44+00:00,@darkselviers @FWBESS Banget loh,banget loh,0.0
224,224,2022-09-26 13:17:42+00:00,@EY3K0N @AdamPollina @highgaz niiiiice,niiiiice,0.0
226,226,2022-09-26 13:17:41+00:00,@radenrauf Suka benerğŸ¤¤,suka bener,0.0
229,229,2022-09-26 13:17:35+00:00,ğŸ¤£ğŸ¤£ Layanzzz,layanzzz,0.0
237,237,2022-09-26 13:17:29+00:00,@hanikhow @FWBESS Satu porsi wajib 2. Satu samsek gk cukup,satu porsi wajib 2 satu samsek gk cukup,0.0
244,244,2022-09-26 13:17:22+00:00,@psyji_election ãã‚“ãªã«æ—¥ã€…è’ã‚Œã¦ã‚‹ã‚“ã™ã‹wwwww,wwwww,0.0
252,252,2022-09-26 13:17:16+00:00,@itsmrssham @mrcreepyposta Taknakkkk tacodddd,taknakkkk tacodddd,0.0
255,255,2022-09-26 13:17:14+00:00,@laisafin1 Quanto custa?,quanto custa,0.0
264,264,2022-09-26 13:17:03+00:00,@Evaverse_NFT Gm Evaverse ğŸ”¥,gm evaverse,0.0
270,270,2022-09-26 13:16:59+00:00,@Jenneira1 @AyamSegar3 Ealah.,ealah,0.0
281,281,2022-09-26 13:16:50+00:00,"@brgsjks kalau lelaki suka hadiah, perempuan suka hadi",kalau lelaki suka hadiah perempuan suka hadi,0.0
286,286,2022-09-26 13:16:45+00:00,@hadimohdnor @zaabazainal Bikin masalah,bikin masalah,0.0
288,288,2022-09-26 13:16:43+00:00,@ddiittanyaaja Valiiidddd,valiiidddd,0.0
296,296,2022-09-26 13:16:37+00:00,@ex_AnakLolina Hamba Bapak Anies jaga kesihatan seluruh masrayakat Indonesia negara â˜ï¸,hamba bapak anies jaga kesihatan seluruh masrayakat indonesia negara,0.0
298,298,2022-09-26 13:16:36+00:00,"@AyamSegar3 @Jenneira1 Mlm adilku yg ganteng dewe yam ayamğŸ˜ƒ.
Alhamdulillah sehat.cuma nafsu mkn udah beda gk seperti dluğŸ˜‡",mlm adilku yg ganteng dewe yam ayam alhamdulillah sehat cuma nafsu mkn udah beda gk seperti dlu,0.058823529411764705
299,299,2022-09-26 13:16:35+00:00,@ikatocil @FWBESS Terbang dia,terbang dia,0.0
311,311,2022-09-26 13:16:26+00:00,@microwavemeeeee OMG,omg,0.0
312,312,2022-09-26 13:16:25+00:00,@brgsjks Ke,ke,0.0
313,313,2022-09-26 13:16:24+00:00,@vikaashnii yesh dawwwğŸ˜‚ğŸ˜‚ğŸ˜‚,yesh dawww,0.0
342,342,2022-09-26 13:15:58+00:00,@whisperkiss_ @FWBESS Boleh,boleh,0.0
360,360,2022-09-26 13:15:40+00:00,"í¬í‚¹3 ì—…ëƒë˜ê³  ìºí“°ë¦¿ê°€ì™€ ëª¬í…Œíê°€ ì²˜ëŸ¼ ê°€ë¬¸ë¼ë¦¬ ì² ì²œì§€ì›ìˆ˜ ë ìˆ˜ìˆëŠ”ë°
ë‹¤ë¥¸ë‚˜ë¼ ì™•í•œí…Œ ì‹œì§‘ê°„ ìë§¤ê°€ ìê¸° ì‚¬ì´Œí•˜ê³  ê·¼ì¹œë¶ˆë¥œí•´ì„œ ê·¸ ì™•ì´ ê·¹ëŒ€ë…¸í•¨ ê·¸ë¦¬ê³  ìš°ë¦¬ê°€ë¬¸ì„ ì›ìˆ˜ë¡œ ì§€ëª©í•¨... ë‚˜ëŠ” ì§–ì–´ë¼~ì‹ ê²½ ì•ˆì¼ëŠ”ë° ê³„ì† ë‚´ ì–´ë¦° ì†ì£¼ë“¤ì´ ì•”ì‚´ë‹¹í•´ì„œ ì£½ëŠ”ê±°ì„ ì•Œê³ ë³´ë‹ˆ ê·¸ ê°€ë¬¸ì›ì´ ë²”ì¸ã…‹",3,0.0
362,362,2022-09-26 13:15:39+00:00,Apeeeeeeee,apeeeeeeee,0.0
366,366,2022-09-26 13:15:35+00:00,Switzerland,switzerland,0.0
367,367,2022-09-26 13:15:34+00:00,@FWBESS WKWKWKW,wkwkwkw,0.0
377,377,2022-09-26 13:15:24+00:00,@psyji_election å°æ¹¾ã§æ—¥ã€…æˆ¦ã£ã¦ã‚‹é€ƒèµ°ã•ã‚“ã¯åˆ†ã‹ã£ã¦ãã‚Œã‚‹ã¨æ€ã£ã¦ã¾ã—ãŸwww,www,0.0
384,384,2022-09-26 13:15:20+00:00,@FWBESS semangat nder,semangat nder,0.0
397,397,2022-09-26 13:15:08+00:00,Mati dengan tenang nih,mati dengan tenang nih,0.0
408,408,2022-09-26 13:14:57+00:00,@BeePromoteur @sweenpi @SlotsJuicer Ok https://t.co/g4qdbkOqu9,ok,0.0
417,417,2022-09-26 13:14:46+00:00,@adelladellaide kok malah iri sama yg begitu kak? aku malah iri sama anak yg bisa beliin rumah atau kasih apapun yg bisa nyenengin org tua malah.,kok malah iri sama yg begitu kak aku malah iri sama anak yg bisa beliin rumah atau kasih apapun yg bisa nyenengin org tua malah,0.08
446,446,2022-09-26 13:14:16+00:00,"@popo0514monstax ç§ã¯3æšç›®ã§é›„å«ã³ã‚’ä¸Šã’ğŸ˜†
9æšç›®ã§ç„¡äº‹æ˜‡å¤©ã•ã›ã¦é ‚ãã¾ã—ãŸğŸ˜‡ğŸŒˆ",3 9,0.0
457,457,2022-09-26 13:14:05+00:00,"ternyata seperti itu penilaiannua bestie, bahayaaaa wkwkwk",ternyata seperti itu penilaiannua bestie bahayaaaa wkwkwk,0.0
462,462,2022-09-26 13:14:01+00:00,"The Brightest âœ¨ğŸ¤ğŸ–¤
#BrightVachirawit @bbrightvc
#BurberrySS23xBright https://t.co/YbBEJh2WMi",brightest,0.0
481,481,2022-09-26 13:13:49+00:00,@busiswa_stemele Siyaya kaloku siphaağŸ˜‚ğŸ˜‚ğŸ˜‚,siyaya kaloku siphaa,0.0
486,486,2022-09-26 13:13:41+00:00,@CryptoAnglio LfG,lfg,0.0
491,491,2022-09-26 13:13:37+00:00,@Terenceshen â€œä¸­å…±ï¼ˆThe CCPï¼‰å‘å…¨äººç±»æ”¾æ¯’â€ã€â€œä¸­å…±ä¸ç­‰äºä¸­å›½ï¼ä¸­å…±ä¸ç­‰äºä¸­å›½äººâ€ï¼è¿™äº›äº‹å®æ˜¯å¯¹ä¸­å…±æœ€è‡´å‘½çš„æ‰“å‡»ğŸ‘Šï¼è¿˜ç”¨é€ è°£ï¼Ÿæƒ³æƒ³æˆ˜äº‰ä¸­æ”¾çƒŸé›¾å¼¹çš„ç›®çš„ï¼Œé‚£æ˜¯ä¸ºäº†è¿·æƒ‘å¯¹æ‰‹ï¼ä½ è¦æ˜¯è·Ÿç€å®ƒæ€è·¯èµ°ä½ ï¼Œé‚£ä½ èƒœåˆ©çš„ä»£ä»·ä¼šå¾ˆå¤§ï¼çœ‹çœ‹ä¸‰å›½æ¼”ä¹‰ï¼ä¹ŸçŸ¥é“è¢«åˆ«äººç‰µç€é¼»å­èµ°çš„ä»£ä»·ã€‚ç›®å‰è¿™æ˜¯æˆ˜äº‰ä¸æ˜¯æ‰€è°“çš„ç¤¾ä¼šèˆ†è®º,ccp,0.0
513,513,2022-09-26 13:13:24+00:00,"AKAN DIKENANG SAAT SENANG.

ALLAHUROZAQ ğŸ˜ https://t.co/yQbZA89Eyy",akan dikenang saat senang allahurozaq,0.0
519,519,2022-09-26 13:13:15+00:00,@OfficialJohor @socios $JDT,jdt,0.0
537,537,2022-09-26 13:13:00+00:00,ãƒ­ãƒ™ãƒ«ã•ã‚“ãŠèª•ç”Ÿæ—¥ãŠã‚ã§ã¨ã†ã”ã–ã„ã¾ã™ï¼ï¼ï¼æœ€åˆå¥½ãã«ãªã£ãŸvtuberã¯ãƒ­ãƒ™ã•ã‚“ã§ã™ã€‚ãšã£ã¨å¿œæ´ã—ã¾ã™ï¼ï¼ https://t.co/CdtLzwavd6,vtuber,0.0
540,540,2022-09-26 13:12:56+00:00,"Males ngeladenin org ngambek, tp kita ada perlu sama org nya. Serba salah emg taheekkkkkk.",males ngeladenin org ngambek tp kita ada perlu sama org nya serba salah emg taheekkkkkk,0.06666666666666667
560,560,2022-09-26 13:12:34+00:00,@tanpaahmad Salud,salud,0.0
565,565,2022-09-26 13:12:32+00:00,Jangan biar keraguan menghantui jiwamu~,jangan biar keraguan menghantui jiwamu,0.0
566,566,2022-09-26 13:12:32+00:00,@Jenneira1 @AyamSegar3 HoreeeğŸ˜…ğŸ˜…,horeee,0.0
574,574,2022-09-26 13:12:27+00:00,wilujeng wengi,wilujeng wengi,0.0
575,575,2022-09-26 13:12:27+00:00,@AllShopeeThread Bagus,bagus,0.0
577,577,2022-09-26 13:12:26+00:00,Udah beda kota tapi pikiran tetap ke kota sebelumnya,udah beda kota tapi pikiran tetap ke kota sebelumnya,0.0
582,582,2022-09-26 13:12:23+00:00,@dinulfadli_ Okk NoteddğŸ‘,okk notedd,0.0
583,583,2022-09-26 13:12:22+00:00,@mandarinfess Banget,banget,0.0
588,588,2022-09-26 13:12:19+00:00,punten,punten,0.0
621,621,2022-09-26 13:12:01+00:00,@adithbukan Bener:(,bener,0.0
632,632,2022-09-26 13:11:53+00:00,@findingfaye HAHAH https://t.co/ycoSO7rP4L,hahah,0.0
640,640,2022-09-26 13:11:43+00:00,@Missypromotes Thx https://t.co/dQaGPewgOy,thx,0.0
652,652,2022-09-26 13:11:31+00:00,@taegiveaway Starttt https://t.co/QB3ox4PTAl,starttt,0.0
653,653,2022-09-26 13:11:31+00:00,"@gwiyeouncat Tapi nih akun lagi gendeng :(

Yg punya juga sih, lg gendeng skripsot",tapi nih akun lagi gendeng yg punya juga sih lg gendeng skripsot,0.0
656,656,2022-09-26 13:11:27+00:00,@urbby_28 ori nya nyusul. hehe,ori nya nyusul hehe,0.0
668,668,2022-09-26 13:11:17+00:00,@Bang_Garr Nitip https://t.co/4WrPqzyWnD,nitip,0.0
670,670,2022-09-26 13:11:15+00:00,@jtmoazed å›¾3çœŸçš„å¾ˆå¯çˆ±å•ŠğŸ˜‚,3,0.0
674,674,2022-09-26 13:11:12+00:00,dihğŸ˜ ğŸ˜ ğŸ˜ ğŸ˜ ğŸ˜  https://t.co/9JaZKUAFcJ,dih,0.0
713,713,2022-09-26 13:10:40+00:00,"Jika anda berhasrat untuk berjaya, jangan hanya memandang ke tangga tetapi belajarlah untuk menaiki tangga tersebut. #ptphebat #semarang #surabaya",jika anda berhasrat untuk berjaya jangan hanya memandang ke tangga tetapi belajarlah untuk menaiki tangga tersebut,0.0625
718,718,2022-09-26 13:10:33+00:00,Risau esok nk buat bsp,risau esok nk buat bsp,0.0
722,722,2022-09-26 13:10:31+00:00,åœ¨æ•´ç†pnhpçš„åˆ‡ç‰‡åˆé›†å˜´è§’å‚»ç¬‘å¾—å¥½é…¸,pnhp,0.0
732,732,2022-09-26 13:10:24+00:00,"#ãƒˆãƒ©ãƒ³ã‚¹ãƒ•ã‚©ãƒ¼ãƒãƒ¼
ã‚¹ãƒ”ãƒ¼ãƒ‡ã‚£ã‚¢ã‚³ãƒ¬ã‚¯ã‚·ãƒ§ãƒ³ G2ãƒ¦ãƒ‹ãƒãƒ¼ã‚¹ ã‚·ãƒ£ãƒ‰ã‚¦ã‚¹ãƒˆãƒªãƒƒãƒ—

ç™ºå£²ã¯ã•ã‚Œãªã‹ã£ãŸG2ã‚«ãƒ©ãƒ¼ã®ãƒ‰ãƒ©ãƒƒã‚°ã‚¹ãƒˆãƒªãƒƒãƒ—ã•ã‚“ãŒã“ã¡ã‚‰ã®ã‚µãƒ–ãƒ©ã‚¤ãƒ³ã«ç™»å ´ã€‚ä¸€å¿œåˆ¥ã‚­ãƒ£ãƒ©ãªã®ã‹ãª...ï¼Ÿé»’é‡‘ã¯å¾¡å¤šåˆ†ã«æ´©ã‚Œãšã‹ã£ã“ã‚ˆã„ã§ã™ãª https://t.co/JyOXtfPQkY",g2 g2,0.0
733,733,2022-09-26 13:10:24+00:00,@Daikify à¸ˆà¸£à¸´à¸‡à¸„à¹ˆà¸°à¸„à¸¸à¸“à¸à¸´à¹‰à¸Ÿ à¸à¸­à¸‡à¸”à¸­à¸‡à¸­à¸±à¸™à¸”à¸±à¸šà¸«à¸™à¸¶à¹ˆà¸‡5555,5555,0.0
765,765,2022-09-26 13:09:50+00:00,@A_LuluJKT48 Shareloc cevat ğŸ¤­,shareloc cevat,0.0
766,766,2022-09-26 13:09:49+00:00,@superplastic gm,gm,0.0
774,774,2022-09-26 13:09:44+00:00,"@kasuga1250 @wakuko22223 ç¾å‘³ã—ã„ã‚ˆã­ãƒ¼â™¡
å®Ÿã¯æ˜¨æ—¥å¤œã«5ç²’ã»ã©å…ˆã«
é£Ÿã¹ãŸğŸ˜‹",5,0.0
778,778,2022-09-26 13:09:38+00:00,@rianlovesvb Lavarnnn mhie,lavarnnn mhie,0.0
783,783,2022-09-26 13:09:32+00:00,JDT Jalin Kerjasama DenganÂ https://t.co/P35jn2BVvX https://t.co/4msMAbsjjL,jdt jalin kerjasama dengan,0.0
793,793,2022-09-26 13:09:19+00:00,@crazywhoopies Chronovoid vandal,chronovoid vandal,0.0
795,795,2022-09-26 13:09:15+00:00,@izzahrzman lovee ijahhğŸ«¶ğŸ»,lovee ijahh,0.0
803,803,2022-09-26 13:09:09+00:00,@heyyyitsmeh @FWBESS Suka,suka,0.0
826,826,2022-09-26 13:08:56+00:00,@fauzanhavertz tgh tak rajin,tgh tak rajin,0.0
835,835,2022-09-26 13:08:51+00:00,LFG!!! ğŸ”¥ğŸ”¥ğŸ”¥ğŸ”¥,lfg,0.0
839,839,2022-09-26 13:08:49+00:00,@redddFlanaaa_ Maunya sih gtu,maunya sih gtu,0.0
854,854,2022-09-26 13:08:32+00:00,OpenStreetã®ã‚·ã‚§ã‚¢ã‚µã‚¤ã‚¯ãƒ«ã®ã‚ªãƒ¼ãƒ—ãƒ³ãƒ‡ãƒ¼ã‚¿ã‚‚ãƒˆãƒ¼ã‚¯ãƒ³ä¸è¦ã«ãªã£ãŸã‚“ã ,openstreet,0.0
863,863,2022-09-26 13:08:23+00:00,@ziqefron kongsi jom,kongsi jom,0.0
879,879,2022-09-26 13:08:10+00:00,@turtle_investor $400?,400,0.0
893,893,2022-09-26 13:07:53+00:00,@yourfathergoop HAHAHAHAHAHA,hahahahahaha,0.0
912,912,2022-09-26 13:07:35+00:00,@bxdinfluence @FWBESS Geret aja,geret aja,0.0
929,929,2022-09-26 13:07:21+00:00,@notyourfafifu xixixxi,xixixxi,0.0
947,947,2022-09-26 13:07:03+00:00,@kangbudz Heran juga ya.Modelan tukang nyabu kok ttp dipertahankn.Dasar partai gombalğŸ¤£,heran juga ya modelan tukang nyabu kok ttp dipertahankn dasar partai gombal,0.08333333333333333
949,949,2022-09-26 13:07:01+00:00,$TSLA https://t.co/95WpS09N2e,tsla,0.0
962,962,2022-09-26 13:06:52+00:00,lol,lol,0.0
963,963,2022-09-26 13:06:51+00:00,@Bang_Garr Syaa sering bg tapi langsung syaa DM aja bg bilang jangan retweet RT an syaa,syaa sering bg tapi langsung syaa dm aja bg bilang jangan retweet rt syaa,0.0
964,964,2022-09-26 13:06:50+00:00,@kinstatic @TiniTinTin9 Noooo whhhhhyyyy,noooo whhhhhyyyy,0.0
972,972,2022-09-26 13:06:42+00:00,@furaiah ğŸ˜‚ğŸ˜‚ğŸ˜‚ğŸ˜‚ğŸ˜‚ğŸ˜‚ğŸ˜‚ klakarrrr,klakarrrr,0.0
973,973,2022-09-26 13:06:41+00:00,è¢«è™§é–‹å»£è§’ç§’è®Š190ğŸ¤­ğŸ¤£ https://t.co/FsxsZMErih,190,0.0
980,980,2022-09-26 13:06:33+00:00,@GiveAwayHost @BabyGangshi Xxahyuk https://t.co/GouFubuHqw,xxahyuk,0.0
990,990,2022-09-26 13:06:24+00:00,@emerson_yuntho @aniesbaswedan Aamiinnn2 Allahuma aamiinnn ğŸ¤²ğŸ™,aamiinnn2 allahuma aamiinnn,0.0
991,991,2022-09-26 13:06:24+00:00,@LosCactusNFT @SacredLabs @poxy_sol LFGGGG #STAYSACRED,lfgggg,0.0
1000,1000,2022-09-26 13:06:17+00:00,bluuuurrr https://t.co/TIX76F56Qp,bluuuurrr,0.0
1003,1003,2022-09-26 13:06:15+00:00,HAHAHAHAHAHAHA,hahahahahahaha,0.0
1022,1022,2022-09-26 13:05:56+00:00,"@Self_An @tedzinski @p4piKRiS @CNNIndonesia TGUPP DKI 67 org gak pake sembunyi sembunyi pembentukannya buzzeRp sekolam pada ribut. Ini ada tim bayangan anggotanya 400 an org Yg dibentuk nya baru ketahuan setelah dibongkar BPK, buzzeRp sekolam pada diem",tgupp dki 67 org gak pake sembunyi sembunyi pembentukannya buzzerp sekolam pada ribut ini ada tim bayangan anggotanya 400 org yg dibentuk nya baru ketahuan setelah dibongkar bpk buzzerp sekolam pada diem,0.06666666666666667
1024,1024,2022-09-26 13:05:54+00:00,@Ning69760836 ä¸è¦ç¾¡æ…•åˆ«äººï¼Œåˆ«äººæœ‰çš„ningningä¹Ÿæœ‰,ningning,0.0
1029,1029,2022-09-26 13:05:48+00:00,@IniAlalalannn Buat busking je depan sogo.,buat busking je depan sogo,0.0
1042,1042,2022-09-26 13:05:38+00:00,@GiveAwayHost 8.05 https://t.co/uYeZKyCVY1,8 05,0.0
1043,1043,2022-09-26 13:05:37+00:00,4Q: https://t.co/3cPuL9dCmj,4q,0.0
1053,1053,2022-09-26 13:05:26+00:00,@noshabu_nolife 5555555555555,5555555555555,0.0
1057,1057,2022-09-26 13:05:24+00:00,Fashionistas!!,fashionistas,0.0
1060,1060,2022-09-26 13:05:23+00:00,@annoyingakmal Mekaceh nyah ğŸ¦§,mekaceh nyah,0.0
1061,1061,2022-09-26 13:05:23+00:00,@hanikhow @FWBESS Bayar masing masing aja,bayar masing masing aja,0.0
1074,1074,2022-09-26 13:05:13+00:00,@GiveAwayHost Bismillahirrahmanirrahim https://t.co/w6b5rQO3Ob,bismillahirrahmanirrahim,0.0
1076,1076,2022-09-26 13:05:12+00:00,"@LoeGueNKRI_2 @PDemokrat @AgusYudhoyono Kalah Pilgub DKI..
Itu saja sih...",kalah pilgub dki itu saja sih,0.0
1101,1101,2022-09-26 13:04:51+00:00,@MonsterlandNFT @Estoopid420 @donchichigaming @ronzilla22 @paniki_17 @enrique93463193 LFG!!!!,lfg,0.0
1105,1105,2022-09-26 13:04:47+00:00,@amyleazizan Miaâ€¦,mia,0.0
1109,1109,2022-09-26 13:04:45+00:00,"@ccheyy_ @FWBESS Dramaqueen
Tukang gibah
Terlalu ambisius
Perfeksionis",dramaqueen tukang gibah terlalu ambisius perfeksionis,0.0
1136,1136,2022-09-26 13:04:23+00:00,@budibongg Bismillahirrahmanirrahim rezeki anak,bismillahirrahmanirrahim rezeki anak,0.0
1149,1149,2022-09-26 13:04:12+00:00,@Kay_Mjikwa ğŸ¤­ğŸ¤­ğŸ¤­ğŸ¤­ Mxoleleni,mxoleleni,0.0
1157,1157,2022-09-26 13:04:06+00:00,@jajanbhlabels Ini nder https://t.co/gHtqT66lVa,ini nder,0.0
1161,1161,2022-09-26 13:04:02+00:00,@putrixut @FWBESS Cuek skinship,cuek skinship,0.0
1176,1176,2022-09-26 13:03:50+00:00,@urhornyboyf Sedapp walaupun ada gigil ciked ğŸ˜†,sedapp walaupun ada gigil ciked,0.0
1204,1204,2022-09-26 13:03:28+00:00,@Gontse_Segodi @ChrisExcel102 Wena upake kahle yooğŸ˜­ğŸ˜­ğŸ˜­â¤,wena upake kahle yoo,0.0
1218,1218,2022-09-26 13:03:16+00:00,@jiims Bismillahirrahmanirrahim,bismillahirrahmanirrahim,0.0
1229,1229,2022-09-26 13:03:09+00:00,@MohamadAmidi_ Yayyyyy ğŸ’,yayyyyy,0.0
1240,1240,2022-09-26 13:02:56+00:00,@juanli324 â€œä¸­å…±ï¼ˆThe CCPï¼‰å‘å…¨äººç±»æ”¾æ¯’â€ã€â€œä¸­å…±ä¸ç­‰äºä¸­å›½ï¼ä¸­å…±ä¸ç­‰äºä¸­å›½äººâ€ï¼è¿™äº›äº‹å®æ˜¯å¯¹ä¸­å…±æœ€è‡´å‘½çš„æ‰“å‡»ğŸ‘Šï¼è¿˜ç”¨é€ è°£ï¼Ÿæƒ³æƒ³æˆ˜äº‰ä¸­æ”¾çƒŸé›¾å¼¹çš„ç›®çš„ï¼Œé‚£æ˜¯ä¸ºäº†è¿·æƒ‘å¯¹æ‰‹ï¼ä½ è¦æ˜¯è·Ÿç€å®ƒæ€è·¯èµ°ä½ ï¼Œé‚£ä½ èƒœåˆ©çš„ä»£ä»·ä¼šå¾ˆå¤§ï¼çœ‹çœ‹ä¸‰å›½æ¼”ä¹‰ï¼ä¹ŸçŸ¥é“è¢«åˆ«äººç‰µç€é¼»å­èµ°çš„ä»£ä»·ã€‚ç›®å‰è¿™æ˜¯æˆ˜äº‰ä¸æ˜¯æ‰€è°“çš„ç¤¾ä¼šèˆ†è®º,ccp,0.0
1257,1257,2022-09-26 13:02:48+00:00,Hmmm kalau balik pukul 8 mesti sampai bilik pukul 9. Pusing pusing dulu beli makanan nak tapau ğŸ« ğŸ¥²,hmmm kalau balik pukul 8 mesti sampai bilik pukul 9 pusing pusing dulu beli makanan nak tapau,0.06666666666666667
1260,1260,2022-09-26 13:02:46+00:00,@NCTsmtown terakhirr ???????!,terakhirr,0.0
1264,1264,2022-09-26 13:02:43+00:00,kesiannye,kesiannye,0.0
1270,1270,2022-09-26 13:02:39+00:00,@l3tssmoke gm gn smokie,gm gn smokie,0.0
1277,1277,2022-09-26 13:02:34+00:00,Hidup kok semangat,hidup kok semangat,0.0
1284,1284,2022-09-26 13:02:32+00:00,@sasukyy Yeayyyyy ğŸ¥°ğŸ¥°ğŸ¥°,yeayyyyy,0.0
1297,1297,2022-09-26 13:02:19+00:00,"@DecodingInspire Huawei x8, iirc..",huawei x8 iirc,0.0
1302,1302,2022-09-26 13:02:12+00:00,@FWBESS Hmu,hmu,0.0
1307,1307,2022-09-26 13:02:08+00:00,"@actvelvet_ @FWBESS Kadel,bioskop gk ada yg seru",kadel bioskop gk ada yg seru,0.0
1326,1326,2022-09-26 13:01:55+00:00,"@nextyourroom @FWBESS Tergantung sikon sih,agak susah",tergantung sikon sih agak susah,0.0
1357,1357,2022-09-26 13:01:29+00:00,@inluvwurglimps ily ğŸ’›,ily,0.0
1374,1374,2022-09-26 13:01:14+00:00,@naamericano13 nangizzzğŸ˜­ https://t.co/MHOKg5h7gZ,nangizzz,0.0
1382,1382,2022-09-26 13:01:10+00:00,@nidiahhabahaah Kurangnya lagi congkak aja hari ini ğŸ¥²,kurangnya lagi congkak aja hari ini,0.0
1391,1391,2022-09-26 13:01:05+00:00,Innalillahiwainnailaihirojiuun.,innalillahiwainnailaihirojiuun,0.0
1394,1394,2022-09-26 13:01:02+00:00,"@wakuko22223 @RCsg4y ã‚ãƒ¼ãƒ¼ãƒ¼ãƒ¼ãƒ¼ã‚“ï¼ç§ã‚‚é£Ÿã¹ãŸãƒ¼ã„ï¼
æ˜”ã€è¿‘ãã®SOGOã«åº—èˆ—ãŒã‚ã£ãŸã®æ‡ã‹ã—ã„ãƒ¼ãƒ¼ï¼ï¼å£ã®ä¸­ã§ã‚³ãƒ­ã‚³ãƒ­ã•ã›ãŸãƒ¼ãƒ¼ã„ï¼",sogo,0.0
1477,1477,2022-09-26 13:00:04+00:00,@LitoshiLite ğŸ˜…ğŸ˜† nop,nop,0.0
1482,1482,2022-09-26 13:00:02+00:00,"@dayatpiliang Harus sabar, gaboleh emosiğŸ˜–â˜º",harus sabar gaboleh emosi,0.0
1501,1501,2022-09-26 12:59:54+00:00,bangun tdr udh gelap aja,bangun tdr udh gelap aja,0.0
1530,1530,2022-09-26 12:59:19+00:00,@nftmikeyy Gmâ˜•ï¸,gm,0.0
1534,1534,2022-09-26 12:59:14+00:00,@ernestprakasa Jijik banget baca captionnya ğŸ¤®,jijik banget baca captionnya,0.0
1546,1546,2022-09-26 12:59:05+00:00,@justcalledmeay @FWBESS Ustad komplek gw aja ngudud nya cerutu anjir wkwkkw,ustad komplek gw aja ngudud nya cerutu anjir wkwkkw,0.0
1562,1562,2022-09-26 12:58:53+00:00,@LostBoyX_ gm lostboy,gm lostboy,0.0
1563,1563,2022-09-26 12:58:52+00:00,@Sridharappu16 à®…à®Ÿà¯‡à®¯à¯ à®ªà¯†à®°à®¿à®¯ ooola à®²à¯‹à®²à¯‹à®µà¯ à®‡à®°à¯à®•à¯à®•à¯ ğŸ˜ğŸ˜ğŸ˜ https://t.co/dwAdn8I3B3,ooola,0.0
1568,1568,2022-09-26 12:58:50+00:00,@XaijaHawk kv,kv,0.0
1593,1593,2022-09-26 12:58:23+00:00,@OfficialJohor @socios $JDT,jdt,0.0
1609,1609,2022-09-26 12:58:07+00:00,@Kenna_Christina Hayi nawe kodwa ğŸ¤­,hayi nawe kodwa,0.0
1618,1618,2022-09-26 12:57:59+00:00,Awan!,awan,0.0
1620,1620,2022-09-26 12:57:57+00:00,@ThembiMatroshe YohğŸ˜­,yoh,0.0
1622,1622,2022-09-26 12:57:57+00:00,@zenwasu28 @facial6lock uhm,uhm,0.0
1633,1633,2022-09-26 12:57:47+00:00,@ekopuutra @Frimawan Brisik,brisik,0.0
1658,1658,2022-09-26 12:57:29+00:00,@CNEWS Ã‡a marche aussi avec Mussolini.,marche aussi avec mussolini,0.0
1660,1660,2022-09-26 12:57:29+00:00,@hanaudm_ mba hana,mba hana,0.0
1662,1662,2022-09-26 12:57:27+00:00,"@AtelierKirart ã‚¬ã‚¸ã‚§ã‚¹ãƒšã‹ã‚‰ãŠé‚ªé­”ã—ã¦ãŠã‚Šã¾ã™â¤
ãŠèŠ±ã‚‚ã¡ã‚ã‚“å¯æ„›ã„ã‚“ã§ã™ãŒã€è•¾ã£â€¼ï¸ã“ã®å’²ã‹ã‘ã¨ã‹ã€3æšç›®ã®é’ã®ã‚°ãƒ©ãƒ‡ãƒ¼ã‚·ãƒ§ãƒ³ã‚‚â€¦â€¦å…¨ã¦ãŒç´ æ•µã§ã™â¤",3,0.0
1672,1672,2022-09-26 12:57:17+00:00,Anoyying lah kampret solat sebelah org baru lepas merokok. Busuk lahanet,anoyying lah kampret solat sebelah org baru lepas merokok busuk lahanet,0.09090909090909091
1685,1685,2022-09-26 12:57:12+00:00,@renqi52088 @hotlink8182 å¬äº†éƒ½ä¸ºä»–æ„Ÿåˆ°paiseh,paiseh,0.0
1709,1709,2022-09-26 12:56:59+00:00,ë‹¤ì´ìŠ¤10000ë²ˆì§¸ë“£ëŠ”ì¤‘,10000,0.0
1713,1713,2022-09-26 12:56:56+00:00,"@baimeijian @nainaibao 1.èµ„æœ¬æœ¬èº«å°±ä»£è¡¨ç€ä¸€ç§æƒåˆ©
2.é©¬å…‹æ€æ—¶æœŸçš„èµ„æœ¬è·Ÿç°åœ¨çš„èµ„æœ¬ä¸ä¸€æ · é‚£ä¼šçš„èµ„æœ¬æŒæ¡åœ¨ä¸Šå±‚å®˜åƒšæ‰‹ä¸­æ‰€ä»¥æ‰ä¼šå‡ºç°â€œå‰¥å‰Šæ¥è‡ªèµ„æœ¬â€è¿™ç§è®ºè°ƒ",1 2,0.0
1730,1730,2022-09-26 12:56:42+00:00,"@Numerousak æ–°å† ç—…æ¯’NT 

æ–°å† ç—…æ¯’GP01/02/03

æ–°å† ç—…æ¯’MK.2",nt gp01 02 03 mk 2,0.0
1754,1754,2022-09-26 12:56:20+00:00,@itzme_dharshni Aaha evlo azhaga vechurukangağŸ˜,aaha evlo azhaga vechurukanga,0.0
1766,1766,2022-09-26 12:56:13+00:00,@lockmeinurheart awwww ğŸ¥ºğŸ’–,awwww,0.0
1768,1768,2022-09-26 12:56:11+00:00,Cosmoverse Livestreamâ¬‡ï¸â¬‡ï¸,cosmoverse livestream,0.0
1775,1775,2022-09-26 12:56:04+00:00,"Jadikan Generasi Melek Digital untuk Ekonomi Indonesia, Telkom Hadirkan Sejumlah Solusi =&gt; https://t.co/AT006vsgN6.",jadikan generasi melek digital untuk ekonomi indonesia telkom hadirkan sejumlah solusi gt,0.08333333333333333
1776,1776,2022-09-26 12:56:04+00:00,"Dipercaya Jadi Ketua PMI Bintan, Hafizha Ingin PMI Terus Eksis =&gt; https://t.co/k4GBurEXGC.",dipercaya jadi ketua pmi bintan hafizha ingin pmi terus eksis gt,0.0
1795,1795,2022-09-26 12:55:42+00:00,@MLubberly Haha,haha,0.0
1800,1800,2022-09-26 12:55:36+00:00,@nu_online Innalilahi wainnailaihi rojiun.. allahummaghfirlahu waafihi wa'fuanhu..ğŸ™,innalilahi wainnailaihi rojiun allahummaghfirlahu waafihi wafuanhu,0.0
1804,1804,2022-09-26 12:55:30+00:00,@IpBayoe @putrixut @FWBESS Suntik gk tuh,suntik gk tuh,0.0
1813,1813,2022-09-26 12:55:17+00:00,@pufferpog @Dumbthumbnails_ Wtf,wtf,0.0
1823,1823,2022-09-26 12:55:09+00:00,@leginCs @FCamposoficial Aaaa entendi,aaaa entendi,0.0
1825,1825,2022-09-26 12:55:06+00:00,@AraleSun2021 ç¥è´ºAraleå’Œå±±å¤§ç‹æ©æ©çˆ±çˆ±ï¼Œç¾ç¾æ»¡æ»¡ğŸ’ğŸ’ğŸ’,arale,0.0
1832,1832,2022-09-26 12:54:55+00:00,@ryotome 230 sgd...,230 sgd,0.0
1839,1839,2022-09-26 12:54:50+00:00,Terimakasih â¤ï¸ https://t.co/ow0YcxcF2B,terimakasih,0.0
1844,1844,2022-09-26 12:54:45+00:00,@qtpienyaa @pasarSKZ @skzmalaysia @Seoul_Storage dmï¼,dm,0.0
1852,1852,2022-09-26 12:54:38+00:00,@ehamirs @yangmuliaamanda Hahahahaha lurveee Victoria secreat,hahahahaha lurveee victoria secreat,0.0
1853,1853,2022-09-26 12:54:37+00:00,@teyvattabloid kokomi,kokomi,0.0
1875,1875,2022-09-26 12:54:12+00:00,@zyyynft_ uh-,uh,0.0
1886,1886,2022-09-26 12:53:57+00:00,@boobciarati HAHAHAHAHHAHA PLEASSSSSEEEEE,hahahahahhaha pleassssseeeee,0.0
1893,1893,2022-09-26 12:53:47+00:00,Pakaguwapo talaga naman. https://t.co/OPi54Hy74J,pakaguwapo talaga naman,0.0
1901,1901,2022-09-26 12:53:35+00:00,@Adil_utkSemua @Leonita_Lestari @jokowi @Andiarief__ Bukan...habis mbegal...,bukan habis mbegal,0.0
1918,1918,2022-09-26 12:53:22+00:00,Hiii,hiii,0.0
1939,1939,2022-09-26 12:53:03+00:00,@im_nanhaa @FWBESS Rajin ibadah,rajin ibadah,0.0
1942,1942,2022-09-26 12:53:02+00:00,@mooncat5997 Awoooo @MoonrunnersNFT,awoooo,0.0
1955,1955,2022-09-26 12:52:49+00:00,Capek,capek,0.0
2030,2030,2022-09-26 12:51:26+00:00,@peckpalit à¸«à¸¥à¹ˆà¸­&amp;à¹€à¸à¹ˆà¸‡à¸¡à¸²à¸à¸„à¹ˆà¸° #à¹€à¸›à¹Šà¸à¸œà¸¥à¸´à¸•à¹‚à¸Šà¸„ #PeckPaLitChoke,amp,0.0
2036,2036,2022-09-26 12:51:23+00:00,æˆ‘å›½æ–°å¢1606èµ·å† ç—…ç—…ä¾‹ äº”äººç—…é€ https://t.co/4ouARmZXwy,1606,0.0
2042,2042,2022-09-26 12:51:17+00:00,@kuroiibara @FWBESS Banget,banget,0.0
2054,2054,2022-09-26 12:51:02+00:00,@queennKrii Doneee,doneee,0.0
2060,2060,2022-09-26 12:50:56+00:00,@leginCs @FCamposoficial Vai ter*,vai ter,0.0
2067,2067,2022-09-26 12:50:45+00:00,"@ZEITZLERR @willam23314 @unicorndontbite @chairman_GLC WATOFAK! takuttttt,, gerak dulu",watofak takuttttt gerak dulu,0.0
2070,2070,2022-09-26 12:50:42+00:00,@oyasummeeeee @FWBESS Ayo banget ngomongin pd 2,ayo banget ngomongin pd 2,0.0
2071,2071,2022-09-26 12:50:42+00:00,@itsshuxs Midlairo una,midlairo una,0.0
2075,2075,2022-09-26 12:50:38+00:00,"Peluang baik pada Usahawan Johor!

Ikuti Maxis eKelas Usahawan secara bersemuka Sempena FIJO 2022.

Maxis eKelas Usahawan adalah sebuah program komuniti yang dibawakan oleh Maxis untuk membantu usahawan tempatan mengembangkan pengunaan digital perniagaan mereka.

1/3 https://t.co/JleTNgA2CQ",peluang baik pada usahawan johor ikuti maxis ekelas usahawan secara bersemuka sempena fijo 2022 maxis ekelas usahawan adalah sebuah program komuniti yang dibawakan oleh maxis untuk membantu usahawan tempatan mengembangkan pengunaan digital perniagaan mereka 1 3,0.09090909090909091
2076,2076,2022-09-26 12:50:36+00:00,@mo_thosago okay ğŸ˜‚,okay,0.0
2086,2086,2022-09-26 12:50:28+00:00,@IAPonomarenko Boss!,boss,0.0
2094,2094,2022-09-26 12:50:23+00:00,@RJ_Carnation @Cheq_Huda ada kah kita org kenal haha menyebuk  je kita nie kn huda,ada kah kita org kenal haha menyebuk je kita nie kn huda,0.0
2098,2098,2022-09-26 12:50:16+00:00,@vwvu_ Nanti jadi hayley williams,nanti jadi hayley williams,0.0
2102,2102,2022-09-26 12:50:11+00:00,@Herzaky__MP Kalah argumen? Argumennya sendiri tidak dikutip. Benar2 badut nasional kelompok anda ini. Lumayanlah untuk m'hibur rakyat.,kalah argumen argumennya sendiri tidak dikutip benar2 badut nasional kelompok anda ini lumayanlah untuk mhibur rakyat,0.06666666666666667
2110,2110,2022-09-26 12:50:05+00:00,"WGCã‚¬ãƒãƒ£å¼•ãã‹å¼•ã‹ãªã„ã‹
å–ã‚Šæ•¢ãˆãšè–ã‚¬ãƒãƒ£ã®æ§˜å­ã‚’å¾…ã¨ã†",wgc,0.0
2112,2112,2022-09-26 12:50:04+00:00,9æœˆ26æ—¥ã®çµæœ https://t.co/alTIKzzj2E,9 26,0.0
2114,2114,2022-09-26 12:50:03+00:00,@missufe @julibi9w0n @jihantesti Congrats,congrats,0.0
2117,2117,2022-09-26 12:50:01+00:00,@detikcom cair,cair,0.0
2155,2155,2022-09-26 12:49:23+00:00,@letupss mne nk tgk ğŸ˜‚,mne nk tgk,0.0
2163,2163,2022-09-26 12:49:16+00:00,å°šç©†æ ¹ï¼šå›½ä¼šè‹¥ä¸å¤„ç†377A å¸æ³•ä½“ç³»å¾—ä¸æ„¿ä¸ºè€Œä¸ºä¹‹ https://t.co/OP3rU6ZdhS,377a,0.0
2198,2198,2022-09-26 12:48:45+00:00,Hais,hais,0.0
2201,2201,2022-09-26 12:48:42+00:00,@tokopedia Uda keduluan sama Taehyung.. https://t.co/3jYJjNsZIk,uda keduluan sama taehyung,0.0
2213,2213,2022-09-26 12:48:26+00:00,@katjustmeowed Valo :&gt;,valo gt,0.0
2222,2222,2022-09-26 12:48:18+00:00,@adecco_es @Nan0Prime @Tinder_F1 @DoCtOrJ_YouTube Yasta gracias ğŸ‘ğŸ»ğŸ‘ğŸ»,yasta gracias,0.0
2227,2227,2022-09-26 12:48:10+00:00,@Hai420Skai @muffchomp @mypethooligan Hahaha,hahaha,0.0
2243,2243,2022-09-26 12:47:53+00:00,@ShamaaKoussa Kesian. Kena tindas.,kesian kena tindas,0.0
2244,2244,2022-09-26 12:47:52+00:00,@theonlyched to valhalla !,valhalla,0.0
2254,2254,2022-09-26 12:47:47+00:00,8æœˆä»½åˆ¶é€ ä¸šäº§å€¼åŒæ¯”å¢é•¿0.5ï¼… https://t.co/2mzRwPjal5,8 0 5,0.0
2256,2256,2022-09-26 12:47:44+00:00,"ãˆãƒ¼ğŸ˜±ã“ã‚Œã„ã¤æ’®ã£ãŸã‚“ã ã‚ã†ğŸ’•
SHOWNUayoMagazineå…¬é–‹ã®ç›´å‰ã«ã“ã‚“ãªç´ æ•µãªãƒ¡ãƒƒã‚»ãƒ¼ã‚¸ã‚ã‚ŠãŒã¨ã†ã€œğŸ˜­âœ¨",shownuayomagazine,0.0
2270,2270,2022-09-26 12:47:31+00:00,32mil https://t.co/yXxD2JFmRd,32mil,0.0
2277,2277,2022-09-26 12:47:24+00:00,Sabi,sabi,0.0
2282,2282,2022-09-26 12:47:19+00:00,@Yo_RSA Bwahaha ğŸ¤£ğŸ¤£ğŸ¤£,bwahaha,0.0
2295,2295,2022-09-26 12:47:05+00:00,@0nlinecruiser HOTD bruv,hotd bruv,0.0
2320,2320,2022-09-26 12:46:36+00:00,Kapan bisa dapetin cowo yg single ğŸ™ˆ bukan pacar atau suami org?,kapan bisa dapetin cowo yg single bukan pacar atau suami org,0.09090909090909091
2344,2344,2022-09-26 12:46:20+00:00,"è¶£å‘³ï¼éš è”½â€¦ã¿ãŸã„ãªæ”¿æ¨©ã ã£ãŸã€‚ã€Œé»’å¡—ã‚ŠOKã€ã¿ãŸã„ãªæµã‚Œä½œã£ãŸã—ã€‚

é‡‘èç·©å’Œã—ã¾ãã£ã¦ä¸­æŠœãã‚„æ ªè³¼å…¥ã«è³‡é‡‘ã‚’ä½¿ã„å¤§ä¼æ¥­ã¨ä»²è‰¯ã—ã«ã€‚ä¸€æ–¹ã§å¢—ç¨ã‚„å¼±è€…ã¸ã®è³‡é‡‘ä¾›çµ¦ã¯ãƒ‘ã‚½ãƒŠã‚’é€šã—ã¦æœ€å°é™ã«ã€‚

ã¶ã£ã¡ã‚ƒã‘ä»Šã®ã€å††å®‰ã§å‡ºå£è¦‹ãˆãªã„æ ¹æœ¬åŸå› ã‚’ä½œã£ãŸã®ã¯å®‰å€æ”¿æ¨©ã€‚ã‚­ãƒƒã‚·ãƒ¼ã¯ã€ãƒãƒã‚’å¼•ã„ãŸã ã‘ã€‚",ok,0.0
2345,2345,2022-09-26 12:46:20+00:00,@RoraRealm $RORA âš”ï¸âœ¨ #BNB #RORAVERSE,rora,0.0
2350,2350,2022-09-26 12:46:15+00:00,Malaysia,malaysia,0.0
2354,2354,2022-09-26 12:46:11+00:00,@IzzatMeisman comot !,comot,0.0
2372,2372,2022-09-26 12:45:49+00:00,@iharfa @sjaufar Laanan foshin negey dhuvahakun ğŸ˜­ https://t.co/1SOv3C87tQ,laanan foshin negey dhuvahakun,0.0
2384,2384,2022-09-26 12:45:37+00:00,Istoryahe,istoryahe,0.0
2387,2387,2022-09-26 12:45:30+00:00,@crypethereal Doneee,doneee,0.0
2390,2390,2022-09-26 12:45:28+00:00,Ehhhh ? ğŸ¤·ğŸ½,ehhhh,0.0
2403,2403,2022-09-26 12:45:18+00:00,@mrcreepyposta Jom tengok @Fairuz_Ayush ğŸ‘»ğŸ‘»,jom tengok,0.0
2406,2406,2022-09-26 12:45:15+00:00,"à®šà¯†à®©à¯à®©à¯ˆà®¯à®¿à®²à¯ à®‡à®°à¯à®¨à¯à®¤à¯ à®šà®¿à®™à¯à®•à®ªà¯à®ªà¯‚à®°à¯à®•à¯à®•à¯ à®šà¯†à®²à¯à®²à®µà®¿à®°à¯à®¨à¯à®¤ 2 à®ªà¯‡à®°à¯ à®•à¯ˆà®¤à¯; à®µà¯€à®£à¯ à®µà¯‡à®²à¯ˆà®¯à®¿à®²à¯ à®ˆà®Ÿà¯à®ªà®Ÿà¯à®Ÿà®¾à®²à¯ à®•à¯ˆà®¤à¯ à®‰à®±à¯à®¤à®¿

#SingaporeTamilNews | #ChennaiAirport

https://t.co/3esnRRkWWX",2,0.0
2409,2409,2022-09-26 12:45:15+00:00,@DivineFavor23_2 @FarcanaOfficial ğŸš€x7,x7,0.0
2413,2413,2022-09-26 12:45:12+00:00,ãƒ‘ãƒ‘ã€å¨˜ã®KPOPã‚°ãƒƒã‚ºç‡ƒã‚„ã™ï½—ï½—ï½— ã“ã‚Œã¯ãƒˆãƒ©ã‚¦ãƒç¢ºå®šï½—ï½—ï½—,kpop,0.0
2434,2434,2022-09-26 12:44:57+00:00,pgn buat kitsuneeee:( https://t.co/zRNBZ0aO9b,pgn buat kitsuneeee,0.0
2454,2454,2022-09-26 12:44:35+00:00,Roblox,roblox,0.0
2462,2462,2022-09-26 12:44:27+00:00,"#ç§ã®ã“ã¨ã‚’æ¼¢å­—2æ–‡å­—ã§è¡¨ã—ã¦ãã ã•ã„è¦‹ãŸäººã‚‚ã‚„ã‚‹ 
ã‚ã‹ã‚‰ã‚“",2,0.0
2468,2468,2022-09-26 12:44:23+00:00,Ayeeehh! Kakilig ğŸ˜…ğŸ˜,ayeeehh kakilig,0.0
2469,2469,2022-09-26 12:44:20+00:00,"Suka banget ee,apalagi abis makan",suka banget ee apalagi abis makan,0.0
2472,2472,2022-09-26 12:44:18+00:00,Ini lucu banget tolongğŸ˜­,ini lucu banget tolong,0.0
2473,2473,2022-09-26 12:44:16+00:00,ğŸ’•ğŸ’•ğŸ’•ğŸ’• @12btheboyz 2Days 2Night https://t.co/zZ3XSZWR2Z,2days 2night,0.0
2474,2474,2022-09-26 12:44:16+00:00,"@M45Broo_ Kalau dipaksakan, jelas akan kalah.",kalau dipaksakan jelas akan kalah,0.0
2482,2482,2022-09-26 12:44:08+00:00,@CryptoPopPunk GM!,gm,0.0
2511,2511,2022-09-26 12:43:45+00:00,@OniiiSean HAHAHAHA https://t.co/0yTVxBRS7Z,hahahaha,0.0
2512,2512,2022-09-26 12:43:45+00:00,woi. â€” mende  https://t.co/UfTrfadxwI,woi mende,0.0
2515,2515,2022-09-26 12:43:35+00:00,@amxxxgonzalez Terima kasih..,terima kasih,0.0
2555,2555,2022-09-26 12:43:04+00:00,@SHENYENG Hunnidâ€¦,hunnid,0.0
2563,2563,2022-09-26 12:42:57+00:00,@luccid_nft GM hahahahahaha https://t.co/Tt6vmvNgYr,gm hahahahahaha,0.0
2569,2569,2022-09-26 12:42:51+00:00,Makanan manis onigiri sushi,makanan manis onigiri sushi,0.0
2574,2574,2022-09-26 12:42:45+00:00,@m_pingjin @cz_binance halleluyah CZ,halleluyah cz,0.0
2578,2578,2022-09-26 12:42:41+00:00,Saranghae jungkook saranghae cutegirl https://t.co/gDtC5tnwYD,saranghae jungkook saranghae cutegirl,0.0
2588,2588,2022-09-26 12:42:32+00:00,Pertama,pertama,0.0
2590,2590,2022-09-26 12:42:31+00:00,@nsjedi0513 ãªã‚‹ã»ã©ãƒ¼3ã‹æœˆãã‚‰ã„ãŒã¡ã‚‡ã†ã©ã‚ˆã•ãã†ã§ã™ã­ğŸ˜…,3,0.0
2596,2596,2022-09-26 12:42:24+00:00,hmmm,hmmm,0.0
2617,2617,2022-09-26 12:42:13+00:00,EEEEEK OMG!!!!,eeeeek omg,0.0
2625,2625,2022-09-26 12:42:08+00:00,hehe https://t.co/fYhDmUP6zT,hehe,0.0
2629,2629,2022-09-26 12:42:03+00:00,@psyji_election @kenjanoisi ãƒ¯ãƒ­ã‚¿wwww,wwww,0.0
2631,2631,2022-09-26 12:42:00+00:00,"å¨˜ãŒå¤§å¥½ããªãƒã‚­ãƒ³ãƒ©ã‚¤ã‚¹ã®ã²ã¨ã¤
MRTãŒã ã„ã¶å‡ºæ¥ã¦ãã¦ã¦é©šãã¾ã—ãŸğŸ¤—ç¶ºéº—ã«ãªã£ã¦ãŸ https://t.co/BdqqozBvmf",mrt,0.0
2658,2658,2022-09-26 12:41:29+00:00,@tufairies sakit hati pulak baca,sakit hati pulak baca,0.0
2659,2659,2022-09-26 12:41:29+00:00,"Boss vibe ğŸ˜ 
#YangZi",boss vibe,0.0
2661,2661,2022-09-26 12:41:28+00:00,"â€˜ì§„ê²€ìŠ¹ë¶€â€™ ë„ê²½ìˆ˜-ì´ì„¸í¬-í•˜ì¤€-ê¹€ìƒí˜¸-ì´ì‹œì–¸-ì£¼ë³´ì˜-ì—°ì¤€ì„, ìºë¦­í„° ì§„ìˆ˜ì„±ì°¬Â  (ì¶œì²˜ : ìŠ¤í¬ì¸ ê²½í–¥ | ë„¤ì´ë²„ TVì—°ì˜ˆ) https://t.co/dbueg4pxLl 

#ë„ê²½ìˆ˜ #DohKyungSoo #kbsdrama
#BadProsecutor #ì§„ê²€ìŠ¹ë¶€",tv,0.0
2666,2666,2022-09-26 12:41:24+00:00,@Start_up_mafia @benxie0613 @mypethooligan @immi_io ğŸ° takeover,takeover,0.0
2677,2677,2022-09-26 12:41:14+00:00,@Sania608651291 @Farzana722 Maryam shayad,maryam shayad,0.0
2703,2703,2022-09-26 12:40:58+00:00,"Kalau dr awal itu jawapannya ,
Cara cinta nora cara yg lmbut nora beri warna kesemuanya ğŸŒˆğŸ¤²ğŸ»",kalau dr awal itu jawapannya cara cinta nora cara yg lmbut nora beri warna kesemuanya,0.0
2707,2707,2022-09-26 12:40:54+00:00,"Bila susah hati dengan urusan dunia, isilah hatimu dengan urusan akhirat. -",bila susah hati dengan urusan dunia isilah hatimu dengan urusan akhirat,0.0
2708,2708,2022-09-26 12:40:53+00:00,Lumayan,lumayan,0.0
2716,2716,2022-09-26 12:40:46+00:00,Matcha,matcha,0.0
2728,2728,2022-09-26 12:40:38+00:00,Ini nih penampakan pacarku https://t.co/zcQ9ais9I3,ini nih penampakan pacarku,0.0
2737,2737,2022-09-26 12:40:26+00:00,Cuapekkk polll,cuapekkk polll,0.0
2760,2760,2022-09-26 12:40:03+00:00,@qqxwz0 uwu :3,uwu 3,0.0
2764,2764,2022-09-26 12:40:01+00:00,"ä¿„ç½—æ–¯è”é‚¦å§”å‘˜ä¼šè®®å‘˜é‡‡ç§‘å¤«ï¼ˆSergei Tsekovï¼‰æ˜ŸæœŸä¸€ï¼ˆ9æœˆ26æ—¥ï¼‰è¯´ï¼Œä¸åº”è¯¥å…è®¸å¤„äºæˆ˜æ–—å¹´é¾„çš„ç”·æ€§å‡ºå›½æ—…è¡Œã€‚è¶Šæ¥è¶Šå¤šçš„å…¬ä¼—æ‹…å¿ƒï¼Œä¸ºäº†é˜»æ­¢äººä»¬é€ƒç¦»å¾å…µï¼Œä¿„ç½—æ–¯å°†å®£å¸ƒæ›´å¤§èŒƒå›´çš„å…³é—­è¾¹å¢ƒå£å²¸ã€‚
https://t.co/ftzCcmarjt",sergei tsekov 9 26,0.0
2769,2769,2022-09-26 12:39:58+00:00,@CELINAbitesyou ew,ew,0.0
2782,2782,2022-09-26 12:39:48+00:00,@RedTooGreen @CorndogBots @TaiyoRobotics BEEP BOOP ğŸ¤–,beep boop,0.0
2799,2799,2022-09-26 12:39:32+00:00,@Sanjeevxoom_ Public2 ğŸ˜‚,public2,0.0
2811,2811,2022-09-26 12:39:18+00:00,"@odenmoon @0 ãŠè¿”äº‹ã‚ã‚ŠãŒã¨ã†ã”ã–ã„ã¾ã™ï¸ï¸â˜ºï¸
ãŠå–å¼•ã®é–“ã‚ˆã‚ã—ããŠé¡˜ã„è‡´ã—ã¾ã™ã€‚
DMå¤±ç¤¼è‡´ã—ã¾ã™ï¼ï¼",dm,0.0
2813,2813,2022-09-26 12:39:15+00:00,Ngga bisa,ngga bisa,0.0
2830,2830,2022-09-26 12:39:04+00:00,Sering banget,sering banget,0.0
2834,2834,2022-09-26 12:39:03+00:00,"@yukokuroberu ãŠç–²ã‚Œæ§˜ã§ã—ãŸï¼
æ”¹ã‚ã¦ãŠèª•ç”Ÿæ—¥ãŠã‚ã§ã¨ã†ã”ã–ã„ã¾ã™ï¼
ãƒ­ãƒ™ã•ã‚“ã¯ç§ã®æœ€åˆã®vtuberã§æœ¬å½“ã«è‰¯ã‹ã£ãŸã§ã™ï¼
ã‚°ãƒƒã‚ºå‹•ç”»æ¥½ã—ã¿ã—ã¦ã„ã¾ã™ï¼ˆã‚‚ã†è²·ã£ãŸã‚ˆï¼‰",vtuber,0.0
2840,2840,2022-09-26 12:38:59+00:00,"ì˜¤ëŠ˜ í•˜ë£¨ì¢…ì¼ ì—¬ìœ  ì‹œê°„ì€ 50ë¶„ ë°–ì— ì—†ì—ˆë‹¤ëŠ” ì‚¬ì‹¤ ã… ã… 
ë¹¨ë¦¬ ë“¤ì–´ê°€ì„œ ì”»ê³ ...
ë¼ë””ì˜¤ì˜¤ì˜¤ì˜¤ì˜¤ ì›¨ì´íŠ¸í¬ë¯¸ì´ì´ì‰~~~",50,0.0
2849,2849,2022-09-26 12:38:49+00:00,"Tidur,jalan jalan,dengerin lagu &amp; fg-an",tidur jalan jalan dengerin lagu amp fg,0.0
2853,2853,2022-09-26 12:38:47+00:00,"@__nmnmAika_ https://t.co/OLLbThvEtN
ã“ã‚Œã§ã‚‚ã¾ã ã‚ã‚‹â€¦ãŸã Youtubeã«å‡ºã¦ãªã„ã ã‘ï¼ˆSpotifyã¨ã‹ä½¿ã£ã¦ãªã„ï¼‰
é«˜æ ¡ã®é ƒã‹ã‚‰é›†ã¾ã£ãŸéŸ³æ¥½ã ã‹ã‚‰è¶…é•·ã„ã§ã™ã€‚ä¹…ã€…ã«èã„ã¦ãªã„æ›²ã‚‚å¤šã„ã€‚ã“ã†ã‚„ã£ã¦ã¾ãŸèãã®ã¯æ‡ã‹ã—ã„â€¦æ•°å¹´å¾Œã§ã‚‚å¥½ããªæ›²ã€‚",youtube spotify,0.0
2859,2859,2022-09-26 12:38:42+00:00,@RoyzChaster Yeatheyyyyy ğŸ”¥ğŸ”¥ğŸ”¥,yeatheyyyyy,0.0
2862,2862,2022-09-26 12:38:41+00:00,Russ,russ,0.0
2864,2864,2022-09-26 12:38:39+00:00,"@nurilyanajihah_ Tak tak, bukan ayat jantan hahahah",tak tak bukan ayat jantan hahahah,0.0
2873,2873,2022-09-26 12:38:29+00:00,Ngga pernah,ngga pernah,0.0
2879,2879,2022-09-26 12:38:23+00:00,@kiss6780 MD èµšé’±æ¶¦,md,0.0
2886,2886,2022-09-26 12:38:12+00:00,@lennyntwana Haibo haibo,haibo haibo,0.0
2911,2911,2022-09-26 12:37:52+00:00,Maka dengan ini tamatlah perjalanan 3 tahun dalam suksis ğŸ«¶ğŸ»ğŸ¥° https://t.co/ARrhXx92zN,maka dengan ini tamatlah perjalanan 3 tahun dalam suksis,0.0
2929,2929,2022-09-26 12:37:42+00:00,@iapprovethis88 @mypethooligan ğŸš€x7*,x7,0.0
2957,2957,2022-09-26 12:37:14+00:00,@pirdo_ccc 400,400,0.0
2975,2975,2022-09-26 12:37:00+00:00,@TheBeardedFools GM TB â˜€ï¸,gm tb,0.0
